CityId,TARGET_FID,FieldId,CityName,DistrictName,CropName,Coef,FieldArea
71,624,5871,KIRIKKALE,BAHŞİLİ,Wheat,1.58,19.1
71,624,5871,KIRIKKALE,BAHŞİLİ,Barley,3.82,19.1
71,624,5871,KIRIKKALE,BAHŞİLİ,Sunflower,2.75,19.1
71,624,5871,KIRIKKALE,BAHŞİLİ,Rice,0.0,19.1
71,624,5871,KIRIKKALE,BAHŞİLİ,Lentil,4.73,19.1
71,624,5871,KIRIKKALE,BAHŞİLİ,Chickpea,8.53,19.1
71,624,5871,KIRIKKALE,BAHŞİLİ,Cotton,2.19,19.1
71,624,5871,KIRIKKALE,BAHŞİLİ,Sugarbeet,0.0,19.1
71,624,5871,KIRIKKALE,BAHŞİLİ,Soybean,4.54,19.1
71,624,5871,KIRIKKALE,BAHŞİLİ,Peanut,0.0,19.1
71,624,5871,KIRIKKALE,BAHŞİLİ,Oat,3.51,19.1
71,624,5871,KIRIKKALE,BAHŞİLİ,Potato,4.59,19.1
71,624,5871,KIRIKKALE,BAHŞİLİ,Corn,1.43,19.1
71,624,5871,KIRIKKALE,BAHŞİLİ,Canola,9.38,19.1
71,624,5871,KIRIKKALE,BAHŞİLİ,Onion,0.0,19.1
71,624,5871,KIRIKKALE,BAHŞİLİ,Bean,3.4,19.1
71,624,5871,KIRIKKALE,BAHŞİLİ,Tomato,0.0,19.1
71,624,5872,KIRIKKALE,BAHŞİLİ,Wheat,0.0,6.22
71,624,5872,KIRIKKALE,BAHŞİLİ,Barley,1.63,6.22
71,624,5872,KIRIKKALE,BAHŞİLİ,Sunflower,1.28,6.22
71,624,5872,KIRIKKALE,BAHŞİLİ,Rice,1.73,6.22
71,624,5872,KIRIKKALE,BAHŞİLİ,Lentil,0.14,6.22
71,624,5872,KIRIKKALE,BAHŞİLİ,Chickpea,3.39,6.22
71,624,5872,KIRIKKALE,BAHŞİLİ,Cotton,0.0,6.22
71,624,5872,KIRIKKALE,BAHŞİLİ,Sugarbeet,3.47,6.22
71,624,5872,KIRIKKALE,BAHŞİLİ,Soybean,5.26,6.22
71,624,5872,KIRIKKALE,BAHŞİLİ,Peanut,5.15,6.22
71,624,5872,KIRIKKALE,BAHŞİLİ,Oat,0.74,6.22
71,624,5872,KIRIKKALE,BAHŞİLİ,Potato,0.6,6.22
71,624,5872,KIRIKKALE,BAHŞİLİ,Corn,1.83,6.22
71,624,5872,KIRIKKALE,BAHŞİLİ,Canola,0.79,6.22
71,624,5872,KIRIKKALE,BAHŞİLİ,Onion,5.65,6.22
71,624,5872,KIRIKKALE,BAHŞİLİ,Bean,4.19,6.22
71,624,5872,KIRIKKALE,BAHŞİLİ,Tomato,0.0,6.22
71,624,5873,KIRIKKALE,BAHŞİLİ,Wheat,0.0,13.49
71,624,5873,KIRIKKALE,BAHŞİLİ,Barley,0.0,13.49
71,624,5873,KIRIKKALE,BAHŞİLİ,Sunflower,2.76,13.49
71,624,5873,KIRIKKALE,BAHŞİLİ,Rice,0.0,13.49
71,624,5873,KIRIKKALE,BAHŞİLİ,Lentil,3.45,13.49
71,624,5873,KIRIKKALE,BAHŞİLİ,Chickpea,0.0,13.49
71,624,5873,KIRIKKALE,BAHŞİLİ,Cotton,8.52,13.49
71,624,5873,KIRIKKALE,BAHŞİLİ,Sugarbeet,3.8,13.49
71,624,5873,KIRIKKALE,BAHŞİLİ,Soybean,9.87,13.49
71,624,5873,KIRIKKALE,BAHŞİLİ,Peanut,1.53,13.49
71,624,5873,KIRIKKALE,BAHŞİLİ,Oat,0.0,13.49
71,624,5873,KIRIKKALE,BAHŞİLİ,Potato,1.07,13.49
71,624,5873,KIRIKKALE,BAHŞİLİ,Corn,1.88,13.49
71,624,5873,KIRIKKALE,BAHŞİLİ,Canola,2.33,13.49
71,624,5873,KIRIKKALE,BAHŞİLİ,Onion,0.0,13.49
71,624,5873,KIRIKKALE,BAHŞİLİ,Bean,0.0,13.49
71,624,5873,KIRIKKALE,BAHŞİLİ,Tomato,2.94,13.49
71,624,5874,KIRIKKALE,BAHŞİLİ,Wheat,0.78,20.88
71,624,5874,KIRIKKALE,BAHŞİLİ,Barley,5.16,20.88
71,624,5874,KIRIKKALE,BAHŞİLİ,Sunflower,2.29,20.88
71,624,5874,KIRIKKALE,BAHŞİLİ,Rice,0.91,20.88
71,624,5874,KIRIKKALE,BAHŞİLİ,Lentil,0.5,20.88
71,624,5874,KIRIKKALE,BAHŞİLİ,Chickpea,6.43,20.88
71,624,5874,KIRIKKALE,BAHŞİLİ,Cotton,1.27,20.88
71,624,5874,KIRIKKALE,BAHŞİLİ,Sugarbeet,2.48,20.88
71,624,5874,KIRIKKALE,BAHŞİLİ,Soybean,0.0,20.88
71,624,5874,KIRIKKALE,BAHŞİLİ,Peanut,0.0,20.88
71,624,5874,KIRIKKALE,BAHŞİLİ,Oat,8.35,20.88
71,624,5874,KIRIKKALE,BAHŞİLİ,Potato,7.07,20.88
71,624,5874,KIRIKKALE,BAHŞİLİ,Corn,1.72,20.88
71,624,5874,KIRIKKALE,BAHŞİLİ,Canola,5.46,20.88
71,624,5874,KIRIKKALE,BAHŞİLİ,Onion,0.0,20.88
71,624,5874,KIRIKKALE,BAHŞİLİ,Bean,3.86,20.88
71,624,5874,KIRIKKALE,BAHŞİLİ,Tomato,6.11,20.88
71,624,5875,KIRIKKALE,BAHŞİLİ,Wheat,1.96,11.77
71,624,5875,KIRIKKALE,BAHŞİLİ,Barley,2.02,11.77
71,624,5875,KIRIKKALE,BAHŞİLİ,Sunflower,1.22,11.77
71,624,5875,KIRIKKALE,BAHŞİLİ,Rice,2.82,11.77
71,624,5875,KIRIKKALE,BAHŞİLİ,Lentil,8.71,11.77
71,624,5875,KIRIKKALE,BAHŞİLİ,Chickpea,4.86,11.77
71,624,5875,KIRIKKALE,BAHŞİLİ,Cotton,4.26,11.77
71,624,5875,KIRIKKALE,BAHŞİLİ,Sugarbeet,0.0,11.77
71,624,5875,KIRIKKALE,BAHŞİLİ,Soybean,0.0,11.77
71,624,5875,KIRIKKALE,BAHŞİLİ,Peanut,1.27,11.77
71,624,5875,KIRIKKALE,BAHŞİLİ,Oat,3.08,11.77
71,624,5875,KIRIKKALE,BAHŞİLİ,Potato,0.0,11.77
71,624,5875,KIRIKKALE,BAHŞİLİ,Corn,2.61,11.77
71,624,5875,KIRIKKALE,BAHŞİLİ,Canola,3.56,11.77
71,624,5875,KIRIKKALE,BAHŞİLİ,Onion,0.0,11.77
71,624,5875,KIRIKKALE,BAHŞİLİ,Bean,5.24,11.77
71,624,5875,KIRIKKALE,BAHŞİLİ,Tomato,0.0,11.77
71,624,5876,KIRIKKALE,BAHŞİLİ,Wheat,5.87,15.39
71,624,5876,KIRIKKALE,BAHŞİLİ,Barley,3.76,15.39
71,624,5876,KIRIKKALE,BAHŞİLİ,Sunflower,0.0,15.39
71,624,5876,KIRIKKALE,BAHŞİLİ,Rice,0.0,15.39
71,624,5876,KIRIKKALE,BAHŞİLİ,Lentil,0.26,15.39
71,624,5876,KIRIKKALE,BAHŞİLİ,Chickpea,0.86,15.39
71,624,5876,KIRIKKALE,BAHŞİLİ,Cotton,3.3,15.39
71,624,5876,KIRIKKALE,BAHŞİLİ,Sugarbeet,0.0,15.39
71,624,5876,KIRIKKALE,BAHŞİLİ,Soybean,0.0,15.39
71,624,5876,KIRIKKALE,BAHŞİLİ,Peanut,0.0,15.39
71,624,5876,KIRIKKALE,BAHŞİLİ,Oat,1.89,15.39
71,624,5876,KIRIKKALE,BAHŞİLİ,Potato,0.77,15.39
71,624,5876,KIRIKKALE,BAHŞİLİ,Corn,3.89,15.39
71,624,5876,KIRIKKALE,BAHŞİLİ,Canola,0.0,15.39
71,624,5876,KIRIKKALE,BAHŞİLİ,Onion,6.41,15.39
71,624,5876,KIRIKKALE,BAHŞİLİ,Bean,0.0,15.39
71,624,5876,KIRIKKALE,BAHŞİLİ,Tomato,1.86,15.39
71,624,5877,KIRIKKALE,BAHŞİLİ,Wheat,1.67,22.33
71,624,5877,KIRIKKALE,BAHŞİLİ,Barley,0.0,22.33
71,624,5877,KIRIKKALE,BAHŞİLİ,Sunflower,0.0,22.33
71,624,5877,KIRIKKALE,BAHŞİLİ,Rice,2.52,22.33
71,624,5877,KIRIKKALE,BAHŞİLİ,Lentil,0.01,22.33
71,624,5877,KIRIKKALE,BAHŞİLİ,Chickpea,0.0,22.33
71,624,5877,KIRIKKALE,BAHŞİLİ,Cotton,2.25,22.33
71,624,5877,KIRIKKALE,BAHŞİLİ,Sugarbeet,5.37,22.33
71,624,5877,KIRIKKALE,BAHŞİLİ,Soybean,3.25,22.33
71,624,5877,KIRIKKALE,BAHŞİLİ,Peanut,8.21,22.33
71,624,5877,KIRIKKALE,BAHŞİLİ,Oat,0.22,22.33
71,624,5877,KIRIKKALE,BAHŞİLİ,Potato,4.54,22.33
71,624,5877,KIRIKKALE,BAHŞİLİ,Corn,0.0,22.33
71,624,5877,KIRIKKALE,BAHŞİLİ,Canola,0.62,22.33
71,624,5877,KIRIKKALE,BAHŞİLİ,Onion,0.0,22.33
71,624,5877,KIRIKKALE,BAHŞİLİ,Bean,0.0,22.33
71,624,5877,KIRIKKALE,BAHŞİLİ,Tomato,2.57,22.33
71,624,5878,KIRIKKALE,BAHŞİLİ,Wheat,0.83,19.55
71,624,5878,KIRIKKALE,BAHŞİLİ,Barley,0.0,19.55
71,624,5878,KIRIKKALE,BAHŞİLİ,Sunflower,2.37,19.55
71,624,5878,KIRIKKALE,BAHŞİLİ,Rice,5.34,19.55
71,624,5878,KIRIKKALE,BAHŞİLİ,Lentil,1.65,19.55
71,624,5878,KIRIKKALE,BAHŞİLİ,Chickpea,0.0,19.55
71,624,5878,KIRIKKALE,BAHŞİLİ,Cotton,4.47,19.55
71,624,5878,KIRIKKALE,BAHŞİLİ,Sugarbeet,1.94,19.55
71,624,5878,KIRIKKALE,BAHŞİLİ,Soybean,7.98,19.55
71,624,5878,KIRIKKALE,BAHŞİLİ,Peanut,1.43,19.55
71,624,5878,KIRIKKALE,BAHŞİLİ,Oat,2.11,19.55
71,624,5878,KIRIKKALE,BAHŞİLİ,Potato,0.0,19.55
71,624,5878,KIRIKKALE,BAHŞİLİ,Corn,0.0,19.55
71,624,5878,KIRIKKALE,BAHŞİLİ,Canola,0.0,19.55
71,624,5878,KIRIKKALE,BAHŞİLİ,Onion,9.81,19.55
71,624,5878,KIRIKKALE,BAHŞİLİ,Bean,6.79,19.55
71,624,5878,KIRIKKALE,BAHŞİLİ,Tomato,6.93,19.55
71,624,5879,KIRIKKALE,BAHŞİLİ,Wheat,0.0,11.85
71,624,5879,KIRIKKALE,BAHŞİLİ,Barley,0.0,11.85
71,624,5879,KIRIKKALE,BAHŞİLİ,Sunflower,0.0,11.85
71,624,5879,KIRIKKALE,BAHŞİLİ,Rice,0.35,11.85
71,624,5879,KIRIKKALE,BAHŞİLİ,Lentil,1.6,11.85
71,624,5879,KIRIKKALE,BAHŞİLİ,Chickpea,0.1,11.85
71,624,5879,KIRIKKALE,BAHŞİLİ,Cotton,0.5,11.85
71,624,5879,KIRIKKALE,BAHŞİLİ,Sugarbeet,3.47,11.85
71,624,5879,KIRIKKALE,BAHŞİLİ,Soybean,0.95,11.85
71,624,5879,KIRIKKALE,BAHŞİLİ,Peanut,1.79,11.85
71,624,5879,KIRIKKALE,BAHŞİLİ,Oat,0.0,11.85
71,624,5879,KIRIKKALE,BAHŞİLİ,Potato,2.02,11.85
71,624,5879,KIRIKKALE,BAHŞİLİ,Corn,3.41,11.85
71,624,5879,KIRIKKALE,BAHŞİLİ,Canola,0.13,11.85
71,624,5879,KIRIKKALE,BAHŞİLİ,Onion,6.04,11.85
71,624,5879,KIRIKKALE,BAHŞİLİ,Bean,4.65,11.85
71,624,5879,KIRIKKALE,BAHŞİLİ,Tomato,0.0,11.85
71,624,5880,KIRIKKALE,BAHŞİLİ,Wheat,7.13,11.75
71,624,5880,KIRIKKALE,BAHŞİLİ,Barley,6.25,11.75
71,624,5880,KIRIKKALE,BAHŞİLİ,Sunflower,1.7,11.75
71,624,5880,KIRIKKALE,BAHŞİLİ,Rice,0.47,11.75
71,624,5880,KIRIKKALE,BAHŞİLİ,Lentil,1.86,11.75
71,624,5880,KIRIKKALE,BAHŞİLİ,Chickpea,0.85,11.75
71,624,5880,KIRIKKALE,BAHŞİLİ,Cotton,2.61,11.75
71,624,5880,KIRIKKALE,BAHŞİLİ,Sugarbeet,6.56,11.75
71,624,5880,KIRIKKALE,BAHŞİLİ,Soybean,3.51,11.75
71,624,5880,KIRIKKALE,BAHŞİLİ,Peanut,0.0,11.75
71,624,5880,KIRIKKALE,BAHŞİLİ,Oat,7.64,11.75
71,624,5880,KIRIKKALE,BAHŞİLİ,Potato,3.16,11.75
71,624,5880,KIRIKKALE,BAHŞİLİ,Corn,3.68,11.75
71,624,5880,KIRIKKALE,BAHŞİLİ,Canola,7.6,11.75
71,624,5880,KIRIKKALE,BAHŞİLİ,Onion,3.88,11.75
71,624,5880,KIRIKKALE,BAHŞİLİ,Bean,4.98,11.75
71,624,5880,KIRIKKALE,BAHŞİLİ,Tomato,7.55,11.75
71,670,5881,KIRIKKALE,BALIŞEYH,Wheat,3.92,4.56
71,670,5881,KIRIKKALE,BALIŞEYH,Barley,4.27,4.56
71,670,5881,KIRIKKALE,BALIŞEYH,Sunflower,4.18,4.56
71,670,5881,KIRIKKALE,BALIŞEYH,Rice,5.46,4.56
71,670,5881,KIRIKKALE,BALIŞEYH,Lentil,0.0,4.56
71,670,5881,KIRIKKALE,BALIŞEYH,Chickpea,5.24,4.56
71,670,5881,KIRIKKALE,BALIŞEYH,Cotton,0.0,4.56
71,670,5881,KIRIKKALE,BALIŞEYH,Sugarbeet,0.0,4.56
71,670,5881,KIRIKKALE,BALIŞEYH,Soybean,0.0,4.56
71,670,5881,KIRIKKALE,BALIŞEYH,Peanut,6.16,4.56
71,670,5881,KIRIKKALE,BALIŞEYH,Oat,5.7,4.56
71,670,5881,KIRIKKALE,BALIŞEYH,Potato,3.22,4.56
71,670,5881,KIRIKKALE,BALIŞEYH,Corn,0.4,4.56
71,670,5881,KIRIKKALE,BALIŞEYH,Canola,1.83,4.56
71,670,5881,KIRIKKALE,BALIŞEYH,Onion,1.94,4.56
71,670,5881,KIRIKKALE,BALIŞEYH,Bean,2.89,4.56
71,670,5881,KIRIKKALE,BALIŞEYH,Tomato,0.24,4.56
71,670,5882,KIRIKKALE,BALIŞEYH,Wheat,4.99,6.04
71,670,5882,KIRIKKALE,BALIŞEYH,Barley,2.28,6.04
71,670,5882,KIRIKKALE,BALIŞEYH,Sunflower,0.0,6.04
71,670,5882,KIRIKKALE,BALIŞEYH,Rice,1.65,6.04
71,670,5882,KIRIKKALE,BALIŞEYH,Lentil,0.0,6.04
71,670,5882,KIRIKKALE,BALIŞEYH,Chickpea,1.89,6.04
71,670,5882,KIRIKKALE,BALIŞEYH,Cotton,0.73,6.04
71,670,5882,KIRIKKALE,BALIŞEYH,Sugarbeet,0.51,6.04
71,670,5882,KIRIKKALE,BALIŞEYH,Soybean,2.96,6.04
71,670,5882,KIRIKKALE,BALIŞEYH,Peanut,0.3,6.04
71,670,5882,KIRIKKALE,BALIŞEYH,Oat,4.06,6.04
71,670,5882,KIRIKKALE,BALIŞEYH,Potato,1.63,6.04
71,670,5882,KIRIKKALE,BALIŞEYH,Corn,0.0,6.04
71,670,5882,KIRIKKALE,BALIŞEYH,Canola,4.17,6.04
71,670,5882,KIRIKKALE,BALIŞEYH,Onion,0.0,6.04
71,670,5882,KIRIKKALE,BALIŞEYH,Bean,2.7,6.04
71,670,5882,KIRIKKALE,BALIŞEYH,Tomato,1.58,6.04
71,670,5883,KIRIKKALE,BALIŞEYH,Wheat,3.14,10.81
71,670,5883,KIRIKKALE,BALIŞEYH,Barley,0.1,10.81
71,670,5883,KIRIKKALE,BALIŞEYH,Sunflower,0.37,10.81
71,670,5883,KIRIKKALE,BALIŞEYH,Rice,5.03,10.81
71,670,5883,KIRIKKALE,BALIŞEYH,Lentil,3.72,10.81
71,670,5883,KIRIKKALE,BALIŞEYH,Chickpea,3.67,10.81
71,670,5883,KIRIKKALE,BALIŞEYH,Cotton,4.75,10.81
71,670,5883,KIRIKKALE,BALIŞEYH,Sugarbeet,0.0,10.81
71,670,5883,KIRIKKALE,BALIŞEYH,Soybean,9.55,10.81
71,670,5883,KIRIKKALE,BALIŞEYH,Peanut,0.0,10.81
71,670,5883,KIRIKKALE,BALIŞEYH,Oat,0.46,10.81
71,670,5883,KIRIKKALE,BALIŞEYH,Potato,2.27,10.81
71,670,5883,KIRIKKALE,BALIŞEYH,Corn,1.18,10.81
71,670,5883,KIRIKKALE,BALIŞEYH,Canola,0.0,10.81
71,670,5883,KIRIKKALE,BALIŞEYH,Onion,1.89,10.81
71,670,5883,KIRIKKALE,BALIŞEYH,Bean,2.34,10.81
71,670,5883,KIRIKKALE,BALIŞEYH,Tomato,3.9,10.81
71,670,5884,KIRIKKALE,BALIŞEYH,Wheat,6.29,1.25
71,670,5884,KIRIKKALE,BALIŞEYH,Barley,0.29,1.25
71,670,5884,KIRIKKALE,BALIŞEYH,Sunflower,3.51,1.25
71,670,5884,KIRIKKALE,BALIŞEYH,Rice,2.41,1.25
71,670,5884,KIRIKKALE,BALIŞEYH,Lentil,3.54,1.25
71,670,5884,KIRIKKALE,BALIŞEYH,Chickpea,1.31,1.25
71,670,5884,KIRIKKALE,BALIŞEYH,Cotton,6.0,1.25
71,670,5884,KIRIKKALE,BALIŞEYH,Sugarbeet,0.0,1.25
71,670,5884,KIRIKKALE,BALIŞEYH,Soybean,1.82,1.25
71,670,5884,KIRIKKALE,BALIŞEYH,Peanut,1.33,1.25
71,670,5884,KIRIKKALE,BALIŞEYH,Oat,2.43,1.25
71,670,5884,KIRIKKALE,BALIŞEYH,Potato,0.0,1.25
71,670,5884,KIRIKKALE,BALIŞEYH,Corn,3.65,1.25
71,670,5884,KIRIKKALE,BALIŞEYH,Canola,1.67,1.25
71,670,5884,KIRIKKALE,BALIŞEYH,Onion,7.17,1.25
71,670,5884,KIRIKKALE,BALIŞEYH,Bean,1.75,1.25
71,670,5884,KIRIKKALE,BALIŞEYH,Tomato,10.58,1.25
71,670,5885,KIRIKKALE,BALIŞEYH,Wheat,3.98,8.75
71,670,5885,KIRIKKALE,BALIŞEYH,Barley,6.13,8.75
71,670,5885,KIRIKKALE,BALIŞEYH,Sunflower,5.53,8.75
71,670,5885,KIRIKKALE,BALIŞEYH,Rice,3.56,8.75
71,670,5885,KIRIKKALE,BALIŞEYH,Lentil,5.34,8.75
71,670,5885,KIRIKKALE,BALIŞEYH,Chickpea,0.0,8.75
71,670,5885,KIRIKKALE,BALIŞEYH,Cotton,4.71,8.75
71,670,5885,KIRIKKALE,BALIŞEYH,Sugarbeet,0.0,8.75
71,670,5885,KIRIKKALE,BALIŞEYH,Soybean,2.33,8.75
71,670,5885,KIRIKKALE,BALIŞEYH,Peanut,0.0,8.75
71,670,5885,KIRIKKALE,BALIŞEYH,Oat,4.82,8.75
71,670,5885,KIRIKKALE,BALIŞEYH,Potato,4.56,8.75
71,670,5885,KIRIKKALE,BALIŞEYH,Corn,4.11,8.75
71,670,5885,KIRIKKALE,BALIŞEYH,Canola,2.03,8.75
71,670,5885,KIRIKKALE,BALIŞEYH,Onion,4.12,8.75
71,670,5885,KIRIKKALE,BALIŞEYH,Bean,5.34,8.75
71,670,5885,KIRIKKALE,BALIŞEYH,Tomato,0.0,8.75
71,670,5886,KIRIKKALE,BALIŞEYH,Wheat,1.19,4.66
71,670,5886,KIRIKKALE,BALIŞEYH,Barley,3.45,4.66
71,670,5886,KIRIKKALE,BALIŞEYH,Sunflower,2.85,4.66
71,670,5886,KIRIKKALE,BALIŞEYH,Rice,4.27,4.66
71,670,5886,KIRIKKALE,BALIŞEYH,Lentil,1.91,4.66
71,670,5886,KIRIKKALE,BALIŞEYH,Chickpea,5.49,4.66
71,670,5886,KIRIKKALE,BALIŞEYH,Cotton,4.76,4.66
71,670,5886,KIRIKKALE,BALIŞEYH,Sugarbeet,0.0,4.66
71,670,5886,KIRIKKALE,BALIŞEYH,Soybean,0.0,4.66
71,670,5886,KIRIKKALE,BALIŞEYH,Peanut,4.31,4.66
71,670,5886,KIRIKKALE,BALIŞEYH,Oat,0.0,4.66
71,670,5886,KIRIKKALE,BALIŞEYH,Potato,0.0,4.66
71,670,5886,KIRIKKALE,BALIŞEYH,Corn,0.0,4.66
71,670,5886,KIRIKKALE,BALIŞEYH,Canola,0.0,4.66
71,670,5886,KIRIKKALE,BALIŞEYH,Onion,2.75,4.66
71,670,5886,KIRIKKALE,BALIŞEYH,Bean,0.0,4.66
71,670,5886,KIRIKKALE,BALIŞEYH,Tomato,1.97,4.66
71,670,5887,KIRIKKALE,BALIŞEYH,Wheat,1.0,14.82
71,670,5887,KIRIKKALE,BALIŞEYH,Barley,2.72,14.82
71,670,5887,KIRIKKALE,BALIŞEYH,Sunflower,0.0,14.82
71,670,5887,KIRIKKALE,BALIŞEYH,Rice,0.0,14.82
71,670,5887,KIRIKKALE,BALIŞEYH,Lentil,0.0,14.82
71,670,5887,KIRIKKALE,BALIŞEYH,Chickpea,1.08,14.82
71,670,5887,KIRIKKALE,BALIŞEYH,Cotton,2.41,14.82
71,670,5887,KIRIKKALE,BALIŞEYH,Sugarbeet,0.0,14.82
71,670,5887,KIRIKKALE,BALIŞEYH,Soybean,2.76,14.82
71,670,5887,KIRIKKALE,BALIŞEYH,Peanut,0.0,14.82
71,670,5887,KIRIKKALE,BALIŞEYH,Oat,0.0,14.82
71,670,5887,KIRIKKALE,BALIŞEYH,Potato,4.29,14.82
71,670,5887,KIRIKKALE,BALIŞEYH,Corn,2.68,14.82
71,670,5887,KIRIKKALE,BALIŞEYH,Canola,5.37,14.82
71,670,5887,KIRIKKALE,BALIŞEYH,Onion,0.88,14.82
71,670,5887,KIRIKKALE,BALIŞEYH,Bean,1.35,14.82
71,670,5887,KIRIKKALE,BALIŞEYH,Tomato,4.14,14.82
71,670,5888,KIRIKKALE,BALIŞEYH,Wheat,4.74,10.58
71,670,5888,KIRIKKALE,BALIŞEYH,Barley,7.9,10.58
71,670,5888,KIRIKKALE,BALIŞEYH,Sunflower,4.71,10.58
71,670,5888,KIRIKKALE,BALIŞEYH,Rice,7.37,10.58
71,670,5888,KIRIKKALE,BALIŞEYH,Lentil,0.59,10.58
71,670,5888,KIRIKKALE,BALIŞEYH,Chickpea,0.0,10.58
71,670,5888,KIRIKKALE,BALIŞEYH,Cotton,2.62,10.58
71,670,5888,KIRIKKALE,BALIŞEYH,Sugarbeet,0.0,10.58
71,670,5888,KIRIKKALE,BALIŞEYH,Soybean,0.0,10.58
71,670,5888,KIRIKKALE,BALIŞEYH,Peanut,0.45,10.58
71,670,5888,KIRIKKALE,BALIŞEYH,Oat,6.67,10.58
71,670,5888,KIRIKKALE,BALIŞEYH,Potato,0.0,10.58
71,670,5888,KIRIKKALE,BALIŞEYH,Corn,0.0,10.58
71,670,5888,KIRIKKALE,BALIŞEYH,Canola,1.15,10.58
71,670,5888,KIRIKKALE,BALIŞEYH,Onion,3.59,10.58
71,670,5888,KIRIKKALE,BALIŞEYH,Bean,3.22,10.58
71,670,5888,KIRIKKALE,BALIŞEYH,Tomato,2.45,10.58
71,670,5889,KIRIKKALE,BALIŞEYH,Wheat,0.0,7.51
71,670,5889,KIRIKKALE,BALIŞEYH,Barley,10.16,7.51
71,670,5889,KIRIKKALE,BALIŞEYH,Sunflower,3.95,7.51
71,670,5889,KIRIKKALE,BALIŞEYH,Rice,4.14,7.51
71,670,5889,KIRIKKALE,BALIŞEYH,Lentil,3.32,7.51
71,670,5889,KIRIKKALE,BALIŞEYH,Chickpea,6.13,7.51
71,670,5889,KIRIKKALE,BALIŞEYH,Cotton,0.0,7.51
71,670,5889,KIRIKKALE,BALIŞEYH,Sugarbeet,0.18,7.51
71,670,5889,KIRIKKALE,BALIŞEYH,Soybean,3.1,7.51
71,670,5889,KIRIKKALE,BALIŞEYH,Peanut,0.0,7.51
71,670,5889,KIRIKKALE,BALIŞEYH,Oat,0.0,7.51
71,670,5889,KIRIKKALE,BALIŞEYH,Potato,0.0,7.51
71,670,5889,KIRIKKALE,BALIŞEYH,Corn,0.0,7.51
71,670,5889,KIRIKKALE,BALIŞEYH,Canola,0.0,7.51
71,670,5889,KIRIKKALE,BALIŞEYH,Onion,2.17,7.51
71,670,5889,KIRIKKALE,BALIŞEYH,Bean,0.0,7.51
71,670,5889,KIRIKKALE,BALIŞEYH,Tomato,5.4,7.51
71,670,5890,KIRIKKALE,BALIŞEYH,Wheat,4.4,31.65
71,670,5890,KIRIKKALE,BALIŞEYH,Barley,2.2,31.65
71,670,5890,KIRIKKALE,BALIŞEYH,Sunflower,0.0,31.65
71,670,5890,KIRIKKALE,BALIŞEYH,Rice,7.34,31.65
71,670,5890,KIRIKKALE,BALIŞEYH,Lentil,0.0,31.65
71,670,5890,KIRIKKALE,BALIŞEYH,Chickpea,1.74,31.65
71,670,5890,KIRIKKALE,BALIŞEYH,Cotton,0.4,31.65
71,670,5890,KIRIKKALE,BALIŞEYH,Sugarbeet,0.05,31.65
71,670,5890,KIRIKKALE,BALIŞEYH,Soybean,5.42,31.65
71,670,5890,KIRIKKALE,BALIŞEYH,Peanut,0.06,31.65
71,670,5890,KIRIKKALE,BALIŞEYH,Oat,0.2,31.65
71,670,5890,KIRIKKALE,BALIŞEYH,Potato,0.0,31.65
71,670,5890,KIRIKKALE,BALIŞEYH,Corn,0.32,31.65
71,670,5890,KIRIKKALE,BALIŞEYH,Canola,0.0,31.65
71,670,5890,KIRIKKALE,BALIŞEYH,Onion,0.86,31.65
71,670,5890,KIRIKKALE,BALIŞEYH,Bean,3.75,31.65
71,670,5890,KIRIKKALE,BALIŞEYH,Tomato,4.41,31.65
71,578,5891,KIRIKKALE,ÇELEBİ,Wheat,4.5,0.7
71,578,5891,KIRIKKALE,ÇELEBİ,Barley,2.46,0.7
71,578,5891,KIRIKKALE,ÇELEBİ,Sunflower,0.44,0.7
71,578,5891,KIRIKKALE,ÇELEBİ,Rice,10.16,0.7
71,578,5891,KIRIKKALE,ÇELEBİ,Lentil,0.0,0.7
71,578,5891,KIRIKKALE,ÇELEBİ,Chickpea,3.38,0.7
71,578,5891,KIRIKKALE,ÇELEBİ,Cotton,2.8,0.7
71,578,5891,KIRIKKALE,ÇELEBİ,Sugarbeet,4.84,0.7
71,578,5891,KIRIKKALE,ÇELEBİ,Soybean,0.0,0.7
71,578,5891,KIRIKKALE,ÇELEBİ,Peanut,3.09,0.7
71,578,5891,KIRIKKALE,ÇELEBİ,Oat,0.0,0.7
71,578,5891,KIRIKKALE,ÇELEBİ,Potato,3.28,0.7
71,578,5891,KIRIKKALE,ÇELEBİ,Corn,2.65,0.7
71,578,5891,KIRIKKALE,ÇELEBİ,Canola,3.14,0.7
71,578,5891,KIRIKKALE,ÇELEBİ,Onion,0.0,0.7
71,578,5891,KIRIKKALE,ÇELEBİ,Bean,0.0,0.7
71,578,5891,KIRIKKALE,ÇELEBİ,Tomato,2.6,0.7
71,578,5892,KIRIKKALE,ÇELEBİ,Wheat,0.31,25.66
71,578,5892,KIRIKKALE,ÇELEBİ,Barley,0.0,25.66
71,578,5892,KIRIKKALE,ÇELEBİ,Sunflower,6.91,25.66
71,578,5892,KIRIKKALE,ÇELEBİ,Rice,7.37,25.66
71,578,5892,KIRIKKALE,ÇELEBİ,Lentil,0.0,25.66
71,578,5892,KIRIKKALE,ÇELEBİ,Chickpea,3.67,25.66
71,578,5892,KIRIKKALE,ÇELEBİ,Cotton,4.02,25.66
71,578,5892,KIRIKKALE,ÇELEBİ,Sugarbeet,5.5,25.66
71,578,5892,KIRIKKALE,ÇELEBİ,Soybean,2.16,25.66
71,578,5892,KIRIKKALE,ÇELEBİ,Peanut,6.48,25.66
71,578,5892,KIRIKKALE,ÇELEBİ,Oat,0.0,25.66
71,578,5892,KIRIKKALE,ÇELEBİ,Potato,0.0,25.66
71,578,5892,KIRIKKALE,ÇELEBİ,Corn,0.0,25.66
71,578,5892,KIRIKKALE,ÇELEBİ,Canola,0.0,25.66
71,578,5892,KIRIKKALE,ÇELEBİ,Onion,0.38,25.66
71,578,5892,KIRIKKALE,ÇELEBİ,Bean,4.64,25.66
71,578,5892,KIRIKKALE,ÇELEBİ,Tomato,4.62,25.66
71,578,5893,KIRIKKALE,ÇELEBİ,Wheat,0.87,21.91
71,578,5893,KIRIKKALE,ÇELEBİ,Barley,0.0,21.91
71,578,5893,KIRIKKALE,ÇELEBİ,Sunflower,2.59,21.91
71,578,5893,KIRIKKALE,ÇELEBİ,Rice,4.54,21.91
71,578,5893,KIRIKKALE,ÇELEBİ,Lentil,1.94,21.91
71,578,5893,KIRIKKALE,ÇELEBİ,Chickpea,5.48,21.91
71,578,5893,KIRIKKALE,ÇELEBİ,Cotton,9.57,21.91
71,578,5893,KIRIKKALE,ÇELEBİ,Sugarbeet,1.0,21.91
71,578,5893,KIRIKKALE,ÇELEBİ,Soybean,0.0,21.91
71,578,5893,KIRIKKALE,ÇELEBİ,Peanut,0.0,21.91
71,578,5893,KIRIKKALE,ÇELEBİ,Oat,3.27,21.91
71,578,5893,KIRIKKALE,ÇELEBİ,Potato,2.7,21.91
71,578,5893,KIRIKKALE,ÇELEBİ,Corn,0.0,21.91
71,578,5893,KIRIKKALE,ÇELEBİ,Canola,0.0,21.91
71,578,5893,KIRIKKALE,ÇELEBİ,Onion,0.0,21.91
71,578,5893,KIRIKKALE,ÇELEBİ,Bean,1.05,21.91
71,578,5893,KIRIKKALE,ÇELEBİ,Tomato,5.81,21.91
71,578,5894,KIRIKKALE,ÇELEBİ,Wheat,0.0,8.73
71,578,5894,KIRIKKALE,ÇELEBİ,Barley,0.0,8.73
71,578,5894,KIRIKKALE,ÇELEBİ,Sunflower,4.46,8.73
71,578,5894,KIRIKKALE,ÇELEBİ,Rice,2.77,8.73
71,578,5894,KIRIKKALE,ÇELEBİ,Lentil,1.41,8.73
71,578,5894,KIRIKKALE,ÇELEBİ,Chickpea,0.0,8.73
71,578,5894,KIRIKKALE,ÇELEBİ,Cotton,0.42,8.73
71,578,5894,KIRIKKALE,ÇELEBİ,Sugarbeet,1.91,8.73
71,578,5894,KIRIKKALE,ÇELEBİ,Soybean,4.75,8.73
71,578,5894,KIRIKKALE,ÇELEBİ,Peanut,1.63,8.73
71,578,5894,KIRIKKALE,ÇELEBİ,Oat,0.0,8.73
71,578,5894,KIRIKKALE,ÇELEBİ,Potato,3.15,8.73
71,578,5894,KIRIKKALE,ÇELEBİ,Corn,9.26,8.73
71,578,5894,KIRIKKALE,ÇELEBİ,Canola,0.0,8.73
71,578,5894,KIRIKKALE,ÇELEBİ,Onion,0.0,8.73
71,578,5894,KIRIKKALE,ÇELEBİ,Bean,1.8,8.73
71,578,5894,KIRIKKALE,ÇELEBİ,Tomato,0.73,8.73
71,578,5895,KIRIKKALE,ÇELEBİ,Wheat,0.72,11.05
71,578,5895,KIRIKKALE,ÇELEBİ,Barley,1.64,11.05
71,578,5895,KIRIKKALE,ÇELEBİ,Sunflower,2.65,11.05
71,578,5895,KIRIKKALE,ÇELEBİ,Rice,1.68,11.05
71,578,5895,KIRIKKALE,ÇELEBİ,Lentil,4.3,11.05
71,578,5895,KIRIKKALE,ÇELEBİ,Chickpea,5.16,11.05
71,578,5895,KIRIKKALE,ÇELEBİ,Cotton,1.92,11.05
71,578,5895,KIRIKKALE,ÇELEBİ,Sugarbeet,0.0,11.05
71,578,5895,KIRIKKALE,ÇELEBİ,Soybean,0.0,11.05
71,578,5895,KIRIKKALE,ÇELEBİ,Peanut,4.33,11.05
71,578,5895,KIRIKKALE,ÇELEBİ,Oat,4.65,11.05
71,578,5895,KIRIKKALE,ÇELEBİ,Potato,0.0,11.05
71,578,5895,KIRIKKALE,ÇELEBİ,Corn,4.53,11.05
71,578,5895,KIRIKKALE,ÇELEBİ,Canola,5.48,11.05
71,578,5895,KIRIKKALE,ÇELEBİ,Onion,0.17,11.05
71,578,5895,KIRIKKALE,ÇELEBİ,Bean,8.3,11.05
71,578,5895,KIRIKKALE,ÇELEBİ,Tomato,2.23,11.05
71,578,5896,KIRIKKALE,ÇELEBİ,Wheat,2.86,16.86
71,578,5896,KIRIKKALE,ÇELEBİ,Barley,4.78,16.86
71,578,5896,KIRIKKALE,ÇELEBİ,Sunflower,0.0,16.86
71,578,5896,KIRIKKALE,ÇELEBİ,Rice,1.49,16.86
71,578,5896,KIRIKKALE,ÇELEBİ,Lentil,4.8,16.86
71,578,5896,KIRIKKALE,ÇELEBİ,Chickpea,4.29,16.86
71,578,5896,KIRIKKALE,ÇELEBİ,Cotton,2.05,16.86
71,578,5896,KIRIKKALE,ÇELEBİ,Sugarbeet,2.73,16.86
71,578,5896,KIRIKKALE,ÇELEBİ,Soybean,4.14,16.86
71,578,5896,KIRIKKALE,ÇELEBİ,Peanut,8.73,16.86
71,578,5896,KIRIKKALE,ÇELEBİ,Oat,0.0,16.86
71,578,5896,KIRIKKALE,ÇELEBİ,Potato,1.14,16.86
71,578,5896,KIRIKKALE,ÇELEBİ,Corn,2.3,16.86
71,578,5896,KIRIKKALE,ÇELEBİ,Canola,3.66,16.86
71,578,5896,KIRIKKALE,ÇELEBİ,Onion,1.86,16.86
71,578,5896,KIRIKKALE,ÇELEBİ,Bean,2.7,16.86
71,578,5896,KIRIKKALE,ÇELEBİ,Tomato,0.0,16.86
71,578,5897,KIRIKKALE,ÇELEBİ,Wheat,3.74,26.33
71,578,5897,KIRIKKALE,ÇELEBİ,Barley,6.99,26.33
71,578,5897,KIRIKKALE,ÇELEBİ,Sunflower,0.0,26.33
71,578,5897,KIRIKKALE,ÇELEBİ,Rice,3.77,26.33
71,578,5897,KIRIKKALE,ÇELEBİ,Lentil,7.31,26.33
71,578,5897,KIRIKKALE,ÇELEBİ,Chickpea,0.0,26.33
71,578,5897,KIRIKKALE,ÇELEBİ,Cotton,0.0,26.33
71,578,5897,KIRIKKALE,ÇELEBİ,Sugarbeet,2.96,26.33
71,578,5897,KIRIKKALE,ÇELEBİ,Soybean,4.58,26.33
71,578,5897,KIRIKKALE,ÇELEBİ,Peanut,6.12,26.33
71,578,5897,KIRIKKALE,ÇELEBİ,Oat,2.76,26.33
71,578,5897,KIRIKKALE,ÇELEBİ,Potato,5.24,26.33
71,578,5897,KIRIKKALE,ÇELEBİ,Corn,5.91,26.33
71,578,5897,KIRIKKALE,ÇELEBİ,Canola,0.0,26.33
71,578,5897,KIRIKKALE,ÇELEBİ,Onion,7.17,26.33
71,578,5897,KIRIKKALE,ÇELEBİ,Bean,1.95,26.33
71,578,5897,KIRIKKALE,ÇELEBİ,Tomato,2.49,26.33
71,578,5898,KIRIKKALE,ÇELEBİ,Wheat,0.05,3.61
71,578,5898,KIRIKKALE,ÇELEBİ,Barley,1.86,3.61
71,578,5898,KIRIKKALE,ÇELEBİ,Sunflower,0.0,3.61
71,578,5898,KIRIKKALE,ÇELEBİ,Rice,0.15,3.61
71,578,5898,KIRIKKALE,ÇELEBİ,Lentil,0.0,3.61
71,578,5898,KIRIKKALE,ÇELEBİ,Chickpea,4.49,3.61
71,578,5898,KIRIKKALE,ÇELEBİ,Cotton,0.0,3.61
71,578,5898,KIRIKKALE,ÇELEBİ,Sugarbeet,2.0,3.61
71,578,5898,KIRIKKALE,ÇELEBİ,Soybean,2.45,3.61
71,578,5898,KIRIKKALE,ÇELEBİ,Peanut,5.0,3.61
71,578,5898,KIRIKKALE,ÇELEBİ,Oat,0.93,3.61
71,578,5898,KIRIKKALE,ÇELEBİ,Potato,1.18,3.61
71,578,5898,KIRIKKALE,ÇELEBİ,Corn,1.36,3.61
71,578,5898,KIRIKKALE,ÇELEBİ,Canola,3.51,3.61
71,578,5898,KIRIKKALE,ÇELEBİ,Onion,0.65,3.61
71,578,5898,KIRIKKALE,ÇELEBİ,Bean,0.0,3.61
71,578,5898,KIRIKKALE,ÇELEBİ,Tomato,5.51,3.61
71,578,5899,KIRIKKALE,ÇELEBİ,Wheat,2.29,17.13
71,578,5899,KIRIKKALE,ÇELEBİ,Barley,3.6,17.13
71,578,5899,KIRIKKALE,ÇELEBİ,Sunflower,5.73,17.13
71,578,5899,KIRIKKALE,ÇELEBİ,Rice,1.99,17.13
71,578,5899,KIRIKKALE,ÇELEBİ,Lentil,3.17,17.13
71,578,5899,KIRIKKALE,ÇELEBİ,Chickpea,1.04,17.13
71,578,5899,KIRIKKALE,ÇELEBİ,Cotton,4.37,17.13
71,578,5899,KIRIKKALE,ÇELEBİ,Sugarbeet,0.0,17.13
71,578,5899,KIRIKKALE,ÇELEBİ,Soybean,2.39,17.13
71,578,5899,KIRIKKALE,ÇELEBİ,Peanut,3.09,17.13
71,578,5899,KIRIKKALE,ÇELEBİ,Oat,0.0,17.13
71,578,5899,KIRIKKALE,ÇELEBİ,Potato,3.93,17.13
71,578,5899,KIRIKKALE,ÇELEBİ,Corn,0.0,17.13
71,578,5899,KIRIKKALE,ÇELEBİ,Canola,5.65,17.13
71,578,5899,KIRIKKALE,ÇELEBİ,Onion,0.0,17.13
71,578,5899,KIRIKKALE,ÇELEBİ,Bean,5.02,17.13
71,578,5899,KIRIKKALE,ÇELEBİ,Tomato,5.19,17.13
71,578,5900,KIRIKKALE,ÇELEBİ,Wheat,1.43,13.59
71,578,5900,KIRIKKALE,ÇELEBİ,Barley,0.0,13.59
71,578,5900,KIRIKKALE,ÇELEBİ,Sunflower,0.57,13.59
71,578,5900,KIRIKKALE,ÇELEBİ,Rice,6.07,13.59
71,578,5900,KIRIKKALE,ÇELEBİ,Lentil,2.24,13.59
71,578,5900,KIRIKKALE,ÇELEBİ,Chickpea,0.41,13.59
71,578,5900,KIRIKKALE,ÇELEBİ,Cotton,5.77,13.59
71,578,5900,KIRIKKALE,ÇELEBİ,Sugarbeet,3.86,13.59
71,578,5900,KIRIKKALE,ÇELEBİ,Soybean,7.7,13.59
71,578,5900,KIRIKKALE,ÇELEBİ,Peanut,2.95,13.59
71,578,5900,KIRIKKALE,ÇELEBİ,Oat,2.2,13.59
71,578,5900,KIRIKKALE,ÇELEBİ,Potato,5.1,13.59
71,578,5900,KIRIKKALE,ÇELEBİ,Corn,0.37,13.59
71,578,5900,KIRIKKALE,ÇELEBİ,Canola,3.92,13.59
71,578,5900,KIRIKKALE,ÇELEBİ,Onion,0.0,13.59
71,578,5900,KIRIKKALE,ÇELEBİ,Bean,5.21,13.59
71,578,5900,KIRIKKALE,ÇELEBİ,Tomato,0.3,13.59
71,690,5901,KIRIKKALE,DELİCE,Wheat,0.0,28.96
71,690,5901,KIRIKKALE,DELİCE,Barley,2.5,28.96
71,690,5901,KIRIKKALE,DELİCE,Sunflower,0.0,28.96
71,690,5901,KIRIKKALE,DELİCE,Rice,0.0,28.96
71,690,5901,KIRIKKALE,DELİCE,Lentil,0.36,28.96
71,690,5901,KIRIKKALE,DELİCE,Chickpea,3.37,28.96
71,690,5901,KIRIKKALE,DELİCE,Cotton,0.0,28.96
71,690,5901,KIRIKKALE,DELİCE,Sugarbeet,1.87,28.96
71,690,5901,KIRIKKALE,DELİCE,Soybean,5.21,28.96
71,690,5901,KIRIKKALE,DELİCE,Peanut,7.74,28.96
71,690,5901,KIRIKKALE,DELİCE,Oat,0.0,28.96
71,690,5901,KIRIKKALE,DELİCE,Potato,0.37,28.96
71,690,5901,KIRIKKALE,DELİCE,Corn,7.0,28.96
71,690,5901,KIRIKKALE,DELİCE,Canola,1.46,28.96
71,690,5901,KIRIKKALE,DELİCE,Onion,3.32,28.96
71,690,5901,KIRIKKALE,DELİCE,Bean,0.0,28.96
71,690,5901,KIRIKKALE,DELİCE,Tomato,0.41,28.96
71,690,5902,KIRIKKALE,DELİCE,Wheat,0.33,40.59
71,690,5902,KIRIKKALE,DELİCE,Barley,7.57,40.59
71,690,5902,KIRIKKALE,DELİCE,Sunflower,1.28,40.59
71,690,5902,KIRIKKALE,DELİCE,Rice,1.77,40.59
71,690,5902,KIRIKKALE,DELİCE,Lentil,4.26,40.59
71,690,5902,KIRIKKALE,DELİCE,Chickpea,5.7,40.59
71,690,5902,KIRIKKALE,DELİCE,Cotton,0.0,40.59
71,690,5902,KIRIKKALE,DELİCE,Sugarbeet,0.0,40.59
71,690,5902,KIRIKKALE,DELİCE,Soybean,4.9,40.59
71,690,5902,KIRIKKALE,DELİCE,Peanut,0.0,40.59
71,690,5902,KIRIKKALE,DELİCE,Oat,0.0,40.59
71,690,5902,KIRIKKALE,DELİCE,Potato,2.13,40.59
71,690,5902,KIRIKKALE,DELİCE,Corn,5.67,40.59
71,690,5902,KIRIKKALE,DELİCE,Canola,0.0,40.59
71,690,5902,KIRIKKALE,DELİCE,Onion,2.43,40.59
71,690,5902,KIRIKKALE,DELİCE,Bean,5.13,40.59
71,690,5902,KIRIKKALE,DELİCE,Tomato,0.0,40.59
71,690,5903,KIRIKKALE,DELİCE,Wheat,1.0,4.99
71,690,5903,KIRIKKALE,DELİCE,Barley,3.22,4.99
71,690,5903,KIRIKKALE,DELİCE,Sunflower,0.08,4.99
71,690,5903,KIRIKKALE,DELİCE,Rice,1.42,4.99
71,690,5903,KIRIKKALE,DELİCE,Lentil,1.38,4.99
71,690,5903,KIRIKKALE,DELİCE,Chickpea,12.43,4.99
71,690,5903,KIRIKKALE,DELİCE,Cotton,0.04,4.99
71,690,5903,KIRIKKALE,DELİCE,Sugarbeet,3.3,4.99
71,690,5903,KIRIKKALE,DELİCE,Soybean,3.14,4.99
71,690,5903,KIRIKKALE,DELİCE,Peanut,7.97,4.99
71,690,5903,KIRIKKALE,DELİCE,Oat,0.0,4.99
71,690,5903,KIRIKKALE,DELİCE,Potato,0.0,4.99
71,690,5903,KIRIKKALE,DELİCE,Corn,1.99,4.99
71,690,5903,KIRIKKALE,DELİCE,Canola,5.02,4.99
71,690,5903,KIRIKKALE,DELİCE,Onion,6.96,4.99
71,690,5903,KIRIKKALE,DELİCE,Bean,4.94,4.99
71,690,5903,KIRIKKALE,DELİCE,Tomato,1.75,4.99
71,690,5904,KIRIKKALE,DELİCE,Wheat,0.0,10.56
71,690,5904,KIRIKKALE,DELİCE,Barley,0.0,10.56
71,690,5904,KIRIKKALE,DELİCE,Sunflower,3.76,10.56
71,690,5904,KIRIKKALE,DELİCE,Rice,0.06,10.56
71,690,5904,KIRIKKALE,DELİCE,Lentil,2.7,10.56
71,690,5904,KIRIKKALE,DELİCE,Chickpea,2.98,10.56
71,690,5904,KIRIKKALE,DELİCE,Cotton,7.38,10.56
71,690,5904,KIRIKKALE,DELİCE,Sugarbeet,7.78,10.56
71,690,5904,KIRIKKALE,DELİCE,Soybean,0.0,10.56
71,690,5904,KIRIKKALE,DELİCE,Peanut,5.3,10.56
71,690,5904,KIRIKKALE,DELİCE,Oat,3.15,10.56
71,690,5904,KIRIKKALE,DELİCE,Potato,0.56,10.56
71,690,5904,KIRIKKALE,DELİCE,Corn,0.0,10.56
71,690,5904,KIRIKKALE,DELİCE,Canola,0.0,10.56
71,690,5904,KIRIKKALE,DELİCE,Onion,0.63,10.56
71,690,5904,KIRIKKALE,DELİCE,Bean,4.18,10.56
71,690,5904,KIRIKKALE,DELİCE,Tomato,4.51,10.56
71,690,5905,KIRIKKALE,DELİCE,Wheat,2.27,18.96
71,690,5905,KIRIKKALE,DELİCE,Barley,0.0,18.96
71,690,5905,KIRIKKALE,DELİCE,Sunflower,0.45,18.96
71,690,5905,KIRIKKALE,DELİCE,Rice,1.07,18.96
71,690,5905,KIRIKKALE,DELİCE,Lentil,2.08,18.96
71,690,5905,KIRIKKALE,DELİCE,Chickpea,3.04,18.96
71,690,5905,KIRIKKALE,DELİCE,Cotton,4.16,18.96
71,690,5905,KIRIKKALE,DELİCE,Sugarbeet,6.17,18.96
71,690,5905,KIRIKKALE,DELİCE,Soybean,0.66,18.96
71,690,5905,KIRIKKALE,DELİCE,Peanut,6.1,18.96
71,690,5905,KIRIKKALE,DELİCE,Oat,3.45,18.96
71,690,5905,KIRIKKALE,DELİCE,Potato,6.82,18.96
71,690,5905,KIRIKKALE,DELİCE,Corn,3.79,18.96
71,690,5905,KIRIKKALE,DELİCE,Canola,2.12,18.96
71,690,5905,KIRIKKALE,DELİCE,Onion,0.28,18.96
71,690,5905,KIRIKKALE,DELİCE,Bean,4.56,18.96
71,690,5905,KIRIKKALE,DELİCE,Tomato,0.0,18.96
71,690,5906,KIRIKKALE,DELİCE,Wheat,1.48,14.69
71,690,5906,KIRIKKALE,DELİCE,Barley,3.58,14.69
71,690,5906,KIRIKKALE,DELİCE,Sunflower,0.0,14.69
71,690,5906,KIRIKKALE,DELİCE,Rice,0.77,14.69
71,690,5906,KIRIKKALE,DELİCE,Lentil,0.63,14.69
71,690,5906,KIRIKKALE,DELİCE,Chickpea,5.51,14.69
71,690,5906,KIRIKKALE,DELİCE,Cotton,1.44,14.69
71,690,5906,KIRIKKALE,DELİCE,Sugarbeet,4.91,14.69
71,690,5906,KIRIKKALE,DELİCE,Soybean,6.44,14.69
71,690,5906,KIRIKKALE,DELİCE,Peanut,10.09,14.69
71,690,5906,KIRIKKALE,DELİCE,Oat,0.0,14.69
71,690,5906,KIRIKKALE,DELİCE,Potato,0.0,14.69
71,690,5906,KIRIKKALE,DELİCE,Corn,2.74,14.69
71,690,5906,KIRIKKALE,DELİCE,Canola,0.0,14.69
71,690,5906,KIRIKKALE,DELİCE,Onion,0.0,14.69
71,690,5906,KIRIKKALE,DELİCE,Bean,6.43,14.69
71,690,5906,KIRIKKALE,DELİCE,Tomato,0.79,14.69
71,690,5907,KIRIKKALE,DELİCE,Wheat,1.22,3.44
71,690,5907,KIRIKKALE,DELİCE,Barley,5.28,3.44
71,690,5907,KIRIKKALE,DELİCE,Sunflower,0.6,3.44
71,690,5907,KIRIKKALE,DELİCE,Rice,0.0,3.44
71,690,5907,KIRIKKALE,DELİCE,Lentil,2.01,3.44
71,690,5907,KIRIKKALE,DELİCE,Chickpea,7.32,3.44
71,690,5907,KIRIKKALE,DELİCE,Cotton,1.13,3.44
71,690,5907,KIRIKKALE,DELİCE,Sugarbeet,0.82,3.44
71,690,5907,KIRIKKALE,DELİCE,Soybean,2.81,3.44
71,690,5907,KIRIKKALE,DELİCE,Peanut,0.0,3.44
71,690,5907,KIRIKKALE,DELİCE,Oat,0.0,3.44
71,690,5907,KIRIKKALE,DELİCE,Potato,5.91,3.44
71,690,5907,KIRIKKALE,DELİCE,Corn,2.65,3.44
71,690,5907,KIRIKKALE,DELİCE,Canola,0.0,3.44
71,690,5907,KIRIKKALE,DELİCE,Onion,6.16,3.44
71,690,5907,KIRIKKALE,DELİCE,Bean,4.0,3.44
71,690,5907,KIRIKKALE,DELİCE,Tomato,0.58,3.44
71,690,5908,KIRIKKALE,DELİCE,Wheat,1.74,12.87
71,690,5908,KIRIKKALE,DELİCE,Barley,6.07,12.87
71,690,5908,KIRIKKALE,DELİCE,Sunflower,0.0,12.87
71,690,5908,KIRIKKALE,DELİCE,Rice,5.75,12.87
71,690,5908,KIRIKKALE,DELİCE,Lentil,1.66,12.87
71,690,5908,KIRIKKALE,DELİCE,Chickpea,4.01,12.87
71,690,5908,KIRIKKALE,DELİCE,Cotton,5.55,12.87
71,690,5908,KIRIKKALE,DELİCE,Sugarbeet,3.3,12.87
71,690,5908,KIRIKKALE,DELİCE,Soybean,5.18,12.87
71,690,5908,KIRIKKALE,DELİCE,Peanut,0.73,12.87
71,690,5908,KIRIKKALE,DELİCE,Oat,0.0,12.87
71,690,5908,KIRIKKALE,DELİCE,Potato,0.59,12.87
71,690,5908,KIRIKKALE,DELİCE,Corn,0.13,12.87
71,690,5908,KIRIKKALE,DELİCE,Canola,0.0,12.87
71,690,5908,KIRIKKALE,DELİCE,Onion,0.0,12.87
71,690,5908,KIRIKKALE,DELİCE,Bean,5.5,12.87
71,690,5908,KIRIKKALE,DELİCE,Tomato,0.0,12.87
71,690,5909,KIRIKKALE,DELİCE,Wheat,1.9,39.51
71,690,5909,KIRIKKALE,DELİCE,Barley,5.32,39.51
71,690,5909,KIRIKKALE,DELİCE,Sunflower,0.38,39.51
71,690,5909,KIRIKKALE,DELİCE,Rice,3.43,39.51
71,690,5909,KIRIKKALE,DELİCE,Lentil,0.77,39.51
71,690,5909,KIRIKKALE,DELİCE,Chickpea,0.0,39.51
71,690,5909,KIRIKKALE,DELİCE,Cotton,3.34,39.51
71,690,5909,KIRIKKALE,DELİCE,Sugarbeet,1.05,39.51
71,690,5909,KIRIKKALE,DELİCE,Soybean,4.89,39.51
71,690,5909,KIRIKKALE,DELİCE,Peanut,0.0,39.51
71,690,5909,KIRIKKALE,DELİCE,Oat,3.53,39.51
71,690,5909,KIRIKKALE,DELİCE,Potato,1.26,39.51
71,690,5909,KIRIKKALE,DELİCE,Corn,0.0,39.51
71,690,5909,KIRIKKALE,DELİCE,Canola,1.08,39.51
71,690,5909,KIRIKKALE,DELİCE,Onion,2.58,39.51
71,690,5909,KIRIKKALE,DELİCE,Bean,4.54,39.51
71,690,5909,KIRIKKALE,DELİCE,Tomato,2.09,39.51
71,690,5910,KIRIKKALE,DELİCE,Wheat,4.4,27.93
71,690,5910,KIRIKKALE,DELİCE,Barley,0.0,27.93
71,690,5910,KIRIKKALE,DELİCE,Sunflower,2.75,27.93
71,690,5910,KIRIKKALE,DELİCE,Rice,0.0,27.93
71,690,5910,KIRIKKALE,DELİCE,Lentil,5.75,27.93
71,690,5910,KIRIKKALE,DELİCE,Chickpea,0.0,27.93
71,690,5910,KIRIKKALE,DELİCE,Cotton,4.68,27.93
71,690,5910,KIRIKKALE,DELİCE,Sugarbeet,3.91,27.93
71,690,5910,KIRIKKALE,DELİCE,Soybean,1.63,27.93
71,690,5910,KIRIKKALE,DELİCE,Peanut,0.0,27.93
71,690,5910,KIRIKKALE,DELİCE,Oat,2.17,27.93
71,690,5910,KIRIKKALE,DELİCE,Potato,2.58,27.93
71,690,5910,KIRIKKALE,DELİCE,Corn,1.16,27.93
71,690,5910,KIRIKKALE,DELİCE,Canola,0.0,27.93
71,690,5910,KIRIKKALE,DELİCE,Onion,3.28,27.93
71,690,5910,KIRIKKALE,DELİCE,Bean,1.87,27.93
71,690,5910,KIRIKKALE,DELİCE,Tomato,0.0,27.93
71,594,5911,KIRIKKALE,KARAKEÇİLİ,Wheat,2.96,11.74
71,594,5911,KIRIKKALE,KARAKEÇİLİ,Barley,5.11,11.74
71,594,5911,KIRIKKALE,KARAKEÇİLİ,Sunflower,3.03,11.74
71,594,5911,KIRIKKALE,KARAKEÇİLİ,Rice,5.28,11.74
71,594,5911,KIRIKKALE,KARAKEÇİLİ,Lentil,0.65,11.74
71,594,5911,KIRIKKALE,KARAKEÇİLİ,Chickpea,7.52,11.74
71,594,5911,KIRIKKALE,KARAKEÇİLİ,Cotton,5.49,11.74
71,594,5911,KIRIKKALE,KARAKEÇİLİ,Sugarbeet,5.29,11.74
71,594,5911,KIRIKKALE,KARAKEÇİLİ,Soybean,0.0,11.74
71,594,5911,KIRIKKALE,KARAKEÇİLİ,Peanut,0.0,11.74
71,594,5911,KIRIKKALE,KARAKEÇİLİ,Oat,0.65,11.74
71,594,5911,KIRIKKALE,KARAKEÇİLİ,Potato,0.0,11.74
71,594,5911,KIRIKKALE,KARAKEÇİLİ,Corn,3.19,11.74
71,594,5911,KIRIKKALE,KARAKEÇİLİ,Canola,4.92,11.74
71,594,5911,KIRIKKALE,KARAKEÇİLİ,Onion,5.87,11.74
71,594,5911,KIRIKKALE,KARAKEÇİLİ,Bean,3.3,11.74
71,594,5911,KIRIKKALE,KARAKEÇİLİ,Tomato,3.14,11.74
71,594,5912,KIRIKKALE,KARAKEÇİLİ,Wheat,5.76,6.95
71,594,5912,KIRIKKALE,KARAKEÇİLİ,Barley,4.34,6.95
71,594,5912,KIRIKKALE,KARAKEÇİLİ,Sunflower,3.19,6.95
71,594,5912,KIRIKKALE,KARAKEÇİLİ,Rice,0.85,6.95
71,594,5912,KIRIKKALE,KARAKEÇİLİ,Lentil,0.22,6.95
71,594,5912,KIRIKKALE,KARAKEÇİLİ,Chickpea,1.26,6.95
71,594,5912,KIRIKKALE,KARAKEÇİLİ,Cotton,2.67,6.95
71,594,5912,KIRIKKALE,KARAKEÇİLİ,Sugarbeet,5.66,6.95
71,594,5912,KIRIKKALE,KARAKEÇİLİ,Soybean,1.23,6.95
71,594,5912,KIRIKKALE,KARAKEÇİLİ,Peanut,2.98,6.95
71,594,5912,KIRIKKALE,KARAKEÇİLİ,Oat,0.75,6.95
71,594,5912,KIRIKKALE,KARAKEÇİLİ,Potato,0.0,6.95
71,594,5912,KIRIKKALE,KARAKEÇİLİ,Corn,4.85,6.95
71,594,5912,KIRIKKALE,KARAKEÇİLİ,Canola,0.0,6.95
71,594,5912,KIRIKKALE,KARAKEÇİLİ,Onion,1.16,6.95
71,594,5912,KIRIKKALE,KARAKEÇİLİ,Bean,1.37,6.95
71,594,5912,KIRIKKALE,KARAKEÇİLİ,Tomato,1.43,6.95
71,594,5913,KIRIKKALE,KARAKEÇİLİ,Wheat,4.76,26.62
71,594,5913,KIRIKKALE,KARAKEÇİLİ,Barley,1.31,26.62
71,594,5913,KIRIKKALE,KARAKEÇİLİ,Sunflower,4.01,26.62
71,594,5913,KIRIKKALE,KARAKEÇİLİ,Rice,2.35,26.62
71,594,5913,KIRIKKALE,KARAKEÇİLİ,Lentil,5.32,26.62
71,594,5913,KIRIKKALE,KARAKEÇİLİ,Chickpea,6.86,26.62
71,594,5913,KIRIKKALE,KARAKEÇİLİ,Cotton,1.28,26.62
71,594,5913,KIRIKKALE,KARAKEÇİLİ,Sugarbeet,0.06,26.62
71,594,5913,KIRIKKALE,KARAKEÇİLİ,Soybean,0.0,26.62
71,594,5913,KIRIKKALE,KARAKEÇİLİ,Peanut,0.38,26.62
71,594,5913,KIRIKKALE,KARAKEÇİLİ,Oat,7.82,26.62
71,594,5913,KIRIKKALE,KARAKEÇİLİ,Potato,2.05,26.62
71,594,5913,KIRIKKALE,KARAKEÇİLİ,Corn,5.88,26.62
71,594,5913,KIRIKKALE,KARAKEÇİLİ,Canola,3.93,26.62
71,594,5913,KIRIKKALE,KARAKEÇİLİ,Onion,0.65,26.62
71,594,5913,KIRIKKALE,KARAKEÇİLİ,Bean,3.71,26.62
71,594,5913,KIRIKKALE,KARAKEÇİLİ,Tomato,4.98,26.62
71,594,5914,KIRIKKALE,KARAKEÇİLİ,Wheat,0.0,13.69
71,594,5914,KIRIKKALE,KARAKEÇİLİ,Barley,6.07,13.69
71,594,5914,KIRIKKALE,KARAKEÇİLİ,Sunflower,0.0,13.69
71,594,5914,KIRIKKALE,KARAKEÇİLİ,Rice,0.15,13.69
71,594,5914,KIRIKKALE,KARAKEÇİLİ,Lentil,0.0,13.69
71,594,5914,KIRIKKALE,KARAKEÇİLİ,Chickpea,5.0,13.69
71,594,5914,KIRIKKALE,KARAKEÇİLİ,Cotton,0.5,13.69
71,594,5914,KIRIKKALE,KARAKEÇİLİ,Sugarbeet,3.54,13.69
71,594,5914,KIRIKKALE,KARAKEÇİLİ,Soybean,0.47,13.69
71,594,5914,KIRIKKALE,KARAKEÇİLİ,Peanut,0.0,13.69
71,594,5914,KIRIKKALE,KARAKEÇİLİ,Oat,5.93,13.69
71,594,5914,KIRIKKALE,KARAKEÇİLİ,Potato,0.33,13.69
71,594,5914,KIRIKKALE,KARAKEÇİLİ,Corn,0.78,13.69
71,594,5914,KIRIKKALE,KARAKEÇİLİ,Canola,6.27,13.69
71,594,5914,KIRIKKALE,KARAKEÇİLİ,Onion,2.15,13.69
71,594,5914,KIRIKKALE,KARAKEÇİLİ,Bean,0.0,13.69
71,594,5914,KIRIKKALE,KARAKEÇİLİ,Tomato,1.52,13.69
71,594,5915,KIRIKKALE,KARAKEÇİLİ,Wheat,1.06,14.23
71,594,5915,KIRIKKALE,KARAKEÇİLİ,Barley,0.56,14.23
71,594,5915,KIRIKKALE,KARAKEÇİLİ,Sunflower,1.95,14.23
71,594,5915,KIRIKKALE,KARAKEÇİLİ,Rice,1.07,14.23
71,594,5915,KIRIKKALE,KARAKEÇİLİ,Lentil,3.02,14.23
71,594,5915,KIRIKKALE,KARAKEÇİLİ,Chickpea,0.92,14.23
71,594,5915,KIRIKKALE,KARAKEÇİLİ,Cotton,2.54,14.23
71,594,5915,KIRIKKALE,KARAKEÇİLİ,Sugarbeet,4.6,14.23
71,594,5915,KIRIKKALE,KARAKEÇİLİ,Soybean,0.15,14.23
71,594,5915,KIRIKKALE,KARAKEÇİLİ,Peanut,0.0,14.23
71,594,5915,KIRIKKALE,KARAKEÇİLİ,Oat,0.0,14.23
71,594,5915,KIRIKKALE,KARAKEÇİLİ,Potato,0.0,14.23
71,594,5915,KIRIKKALE,KARAKEÇİLİ,Corn,5.67,14.23
71,594,5915,KIRIKKALE,KARAKEÇİLİ,Canola,0.0,14.23
71,594,5915,KIRIKKALE,KARAKEÇİLİ,Onion,4.43,14.23
71,594,5915,KIRIKKALE,KARAKEÇİLİ,Bean,9.92,14.23
71,594,5915,KIRIKKALE,KARAKEÇİLİ,Tomato,4.31,14.23
71,594,5916,KIRIKKALE,KARAKEÇİLİ,Wheat,7.28,10.6
71,594,5916,KIRIKKALE,KARAKEÇİLİ,Barley,0.5,10.6
71,594,5916,KIRIKKALE,KARAKEÇİLİ,Sunflower,0.0,10.6
71,594,5916,KIRIKKALE,KARAKEÇİLİ,Rice,0.0,10.6
71,594,5916,KIRIKKALE,KARAKEÇİLİ,Lentil,0.89,10.6
71,594,5916,KIRIKKALE,KARAKEÇİLİ,Chickpea,0.0,10.6
71,594,5916,KIRIKKALE,KARAKEÇİLİ,Cotton,2.49,10.6
71,594,5916,KIRIKKALE,KARAKEÇİLİ,Sugarbeet,1.71,10.6
71,594,5916,KIRIKKALE,KARAKEÇİLİ,Soybean,0.0,10.6
71,594,5916,KIRIKKALE,KARAKEÇİLİ,Peanut,0.0,10.6
71,594,5916,KIRIKKALE,KARAKEÇİLİ,Oat,6.39,10.6
71,594,5916,KIRIKKALE,KARAKEÇİLİ,Potato,0.0,10.6
71,594,5916,KIRIKKALE,KARAKEÇİLİ,Corn,1.59,10.6
71,594,5916,KIRIKKALE,KARAKEÇİLİ,Canola,0.0,10.6
71,594,5916,KIRIKKALE,KARAKEÇİLİ,Onion,2.26,10.6
71,594,5916,KIRIKKALE,KARAKEÇİLİ,Bean,2.53,10.6
71,594,5916,KIRIKKALE,KARAKEÇİLİ,Tomato,0.0,10.6
71,594,5917,KIRIKKALE,KARAKEÇİLİ,Wheat,0.13,21.87
71,594,5917,KIRIKKALE,KARAKEÇİLİ,Barley,5.73,21.87
71,594,5917,KIRIKKALE,KARAKEÇİLİ,Sunflower,0.0,21.87
71,594,5917,KIRIKKALE,KARAKEÇİLİ,Rice,0.0,21.87
71,594,5917,KIRIKKALE,KARAKEÇİLİ,Lentil,2.2,21.87
71,594,5917,KIRIKKALE,KARAKEÇİLİ,Chickpea,0.85,21.87
71,594,5917,KIRIKKALE,KARAKEÇİLİ,Cotton,6.85,21.87
71,594,5917,KIRIKKALE,KARAKEÇİLİ,Sugarbeet,0.0,21.87
71,594,5917,KIRIKKALE,KARAKEÇİLİ,Soybean,2.55,21.87
71,594,5917,KIRIKKALE,KARAKEÇİLİ,Peanut,2.98,21.87
71,594,5917,KIRIKKALE,KARAKEÇİLİ,Oat,1.88,21.87
71,594,5917,KIRIKKALE,KARAKEÇİLİ,Potato,0.34,21.87
71,594,5917,KIRIKKALE,KARAKEÇİLİ,Corn,4.38,21.87
71,594,5917,KIRIKKALE,KARAKEÇİLİ,Canola,0.0,21.87
71,594,5917,KIRIKKALE,KARAKEÇİLİ,Onion,2.2,21.87
71,594,5917,KIRIKKALE,KARAKEÇİLİ,Bean,0.46,21.87
71,594,5917,KIRIKKALE,KARAKEÇİLİ,Tomato,4.89,21.87
71,594,5918,KIRIKKALE,KARAKEÇİLİ,Wheat,0.98,8.46
71,594,5918,KIRIKKALE,KARAKEÇİLİ,Barley,2.58,8.46
71,594,5918,KIRIKKALE,KARAKEÇİLİ,Sunflower,2.88,8.46
71,594,5918,KIRIKKALE,KARAKEÇİLİ,Rice,2.18,8.46
71,594,5918,KIRIKKALE,KARAKEÇİLİ,Lentil,4.02,8.46
71,594,5918,KIRIKKALE,KARAKEÇİLİ,Chickpea,2.63,8.46
71,594,5918,KIRIKKALE,KARAKEÇİLİ,Cotton,5.32,8.46
71,594,5918,KIRIKKALE,KARAKEÇİLİ,Sugarbeet,0.0,8.46
71,594,5918,KIRIKKALE,KARAKEÇİLİ,Soybean,1.74,8.46
71,594,5918,KIRIKKALE,KARAKEÇİLİ,Peanut,5.36,8.46
71,594,5918,KIRIKKALE,KARAKEÇİLİ,Oat,2.07,8.46
71,594,5918,KIRIKKALE,KARAKEÇİLİ,Potato,2.79,8.46
71,594,5918,KIRIKKALE,KARAKEÇİLİ,Corn,0.0,8.46
71,594,5918,KIRIKKALE,KARAKEÇİLİ,Canola,5.71,8.46
71,594,5918,KIRIKKALE,KARAKEÇİLİ,Onion,1.27,8.46
71,594,5918,KIRIKKALE,KARAKEÇİLİ,Bean,8.77,8.46
71,594,5918,KIRIKKALE,KARAKEÇİLİ,Tomato,0.0,8.46
71,594,5919,KIRIKKALE,KARAKEÇİLİ,Wheat,0.0,25.73
71,594,5919,KIRIKKALE,KARAKEÇİLİ,Barley,4.59,25.73
71,594,5919,KIRIKKALE,KARAKEÇİLİ,Sunflower,3.88,25.73
71,594,5919,KIRIKKALE,KARAKEÇİLİ,Rice,7.62,25.73
71,594,5919,KIRIKKALE,KARAKEÇİLİ,Lentil,2.15,25.73
71,594,5919,KIRIKKALE,KARAKEÇİLİ,Chickpea,0.0,25.73
71,594,5919,KIRIKKALE,KARAKEÇİLİ,Cotton,2.13,25.73
71,594,5919,KIRIKKALE,KARAKEÇİLİ,Sugarbeet,9.75,25.73
71,594,5919,KIRIKKALE,KARAKEÇİLİ,Soybean,0.0,25.73
71,594,5919,KIRIKKALE,KARAKEÇİLİ,Peanut,0.0,25.73
71,594,5919,KIRIKKALE,KARAKEÇİLİ,Oat,4.67,25.73
71,594,5919,KIRIKKALE,KARAKEÇİLİ,Potato,7.29,25.73
71,594,5919,KIRIKKALE,KARAKEÇİLİ,Corn,0.54,25.73
71,594,5919,KIRIKKALE,KARAKEÇİLİ,Canola,7.98,25.73
71,594,5919,KIRIKKALE,KARAKEÇİLİ,Onion,7.05,25.73
71,594,5919,KIRIKKALE,KARAKEÇİLİ,Bean,2.54,25.73
71,594,5919,KIRIKKALE,KARAKEÇİLİ,Tomato,6.35,25.73
71,594,5920,KIRIKKALE,KARAKEÇİLİ,Wheat,2.51,14.67
71,594,5920,KIRIKKALE,KARAKEÇİLİ,Barley,0.0,14.67
71,594,5920,KIRIKKALE,KARAKEÇİLİ,Sunflower,0.0,14.67
71,594,5920,KIRIKKALE,KARAKEÇİLİ,Rice,0.31,14.67
71,594,5920,KIRIKKALE,KARAKEÇİLİ,Lentil,0.0,14.67
71,594,5920,KIRIKKALE,KARAKEÇİLİ,Chickpea,1.19,14.67
71,594,5920,KIRIKKALE,KARAKEÇİLİ,Cotton,2.21,14.67
71,594,5920,KIRIKKALE,KARAKEÇİLİ,Sugarbeet,5.31,14.67
71,594,5920,KIRIKKALE,KARAKEÇİLİ,Soybean,0.0,14.67
71,594,5920,KIRIKKALE,KARAKEÇİLİ,Peanut,1.69,14.67
71,594,5920,KIRIKKALE,KARAKEÇİLİ,Oat,0.27,14.67
71,594,5920,KIRIKKALE,KARAKEÇİLİ,Potato,0.0,14.67
71,594,5920,KIRIKKALE,KARAKEÇİLİ,Corn,1.39,14.67
71,594,5920,KIRIKKALE,KARAKEÇİLİ,Canola,0.36,14.67
71,594,5920,KIRIKKALE,KARAKEÇİLİ,Onion,6.58,14.67
71,594,5920,KIRIKKALE,KARAKEÇİLİ,Bean,0.28,14.67
71,594,5920,KIRIKKALE,KARAKEÇİLİ,Tomato,1.26,14.67
71,622,5921,KIRIKKALE,KESKİN,Wheat,0.0,0.69
71,622,5921,KIRIKKALE,KESKİN,Barley,4.92,0.69
71,622,5921,KIRIKKALE,KESKİN,Sunflower,4.54,0.69
71,622,5921,KIRIKKALE,KESKİN,Rice,0.0,0.69
71,622,5921,KIRIKKALE,KESKİN,Lentil,0.0,0.69
71,622,5921,KIRIKKALE,KESKİN,Chickpea,9.03,0.69
71,622,5921,KIRIKKALE,KESKİN,Cotton,3.4,0.69
71,622,5921,KIRIKKALE,KESKİN,Sugarbeet,2.68,0.69
71,622,5921,KIRIKKALE,KESKİN,Soybean,0.0,0.69
71,622,5921,KIRIKKALE,KESKİN,Peanut,2.64,0.69
71,622,5921,KIRIKKALE,KESKİN,Oat,0.0,0.69
71,622,5921,KIRIKKALE,KESKİN,Potato,2.47,0.69
71,622,5921,KIRIKKALE,KESKİN,Corn,0.0,0.69
71,622,5921,KIRIKKALE,KESKİN,Canola,4.31,0.69
71,622,5921,KIRIKKALE,KESKİN,Onion,0.69,0.69
71,622,5921,KIRIKKALE,KESKİN,Bean,0.0,0.69
71,622,5921,KIRIKKALE,KESKİN,Tomato,0.0,0.69
71,622,5922,KIRIKKALE,KESKİN,Wheat,1.68,4.08
71,622,5922,KIRIKKALE,KESKİN,Barley,2.94,4.08
71,622,5922,KIRIKKALE,KESKİN,Sunflower,0.0,4.08
71,622,5922,KIRIKKALE,KESKİN,Rice,4.1,4.08
71,622,5922,KIRIKKALE,KESKİN,Lentil,0.42,4.08
71,622,5922,KIRIKKALE,KESKİN,Chickpea,0.0,4.08
71,622,5922,KIRIKKALE,KESKİN,Cotton,3.25,4.08
71,622,5922,KIRIKKALE,KESKİN,Sugarbeet,0.4,4.08
71,622,5922,KIRIKKALE,KESKİN,Soybean,0.0,4.08
71,622,5922,KIRIKKALE,KESKİN,Peanut,4.19,4.08
71,622,5922,KIRIKKALE,KESKİN,Oat,0.0,4.08
71,622,5922,KIRIKKALE,KESKİN,Potato,4.07,4.08
71,622,5922,KIRIKKALE,KESKİN,Corn,6.09,4.08
71,622,5922,KIRIKKALE,KESKİN,Canola,0.0,4.08
71,622,5922,KIRIKKALE,KESKİN,Onion,1.2,4.08
71,622,5922,KIRIKKALE,KESKİN,Bean,1.87,4.08
71,622,5922,KIRIKKALE,KESKİN,Tomato,2.1,4.08
71,622,5923,KIRIKKALE,KESKİN,Wheat,0.61,7.4
71,622,5923,KIRIKKALE,KESKİN,Barley,7.08,7.4
71,622,5923,KIRIKKALE,KESKİN,Sunflower,0.59,7.4
71,622,5923,KIRIKKALE,KESKİN,Rice,2.03,7.4
71,622,5923,KIRIKKALE,KESKİN,Lentil,0.0,7.4
71,622,5923,KIRIKKALE,KESKİN,Chickpea,4.16,7.4
71,622,5923,KIRIKKALE,KESKİN,Cotton,4.69,7.4
71,622,5923,KIRIKKALE,KESKİN,Sugarbeet,0.0,7.4
71,622,5923,KIRIKKALE,KESKİN,Soybean,1.92,7.4
71,622,5923,KIRIKKALE,KESKİN,Peanut,7.65,7.4
71,622,5923,KIRIKKALE,KESKİN,Oat,0.0,7.4
71,622,5923,KIRIKKALE,KESKİN,Potato,1.76,7.4
71,622,5923,KIRIKKALE,KESKİN,Corn,0.1,7.4
71,622,5923,KIRIKKALE,KESKİN,Canola,3.38,7.4
71,622,5923,KIRIKKALE,KESKİN,Onion,0.91,7.4
71,622,5923,KIRIKKALE,KESKİN,Bean,4.37,7.4
71,622,5923,KIRIKKALE,KESKİN,Tomato,2.7,7.4
71,622,5924,KIRIKKALE,KESKİN,Wheat,6.66,9.6
71,622,5924,KIRIKKALE,KESKİN,Barley,0.76,9.6
71,622,5924,KIRIKKALE,KESKİN,Sunflower,0.0,9.6
71,622,5924,KIRIKKALE,KESKİN,Rice,6.99,9.6
71,622,5924,KIRIKKALE,KESKİN,Lentil,3.45,9.6
71,622,5924,KIRIKKALE,KESKİN,Chickpea,0.0,9.6
71,622,5924,KIRIKKALE,KESKİN,Cotton,0.0,9.6
71,622,5924,KIRIKKALE,KESKİN,Sugarbeet,1.48,9.6
71,622,5924,KIRIKKALE,KESKİN,Soybean,2.13,9.6
71,622,5924,KIRIKKALE,KESKİN,Peanut,3.84,9.6
71,622,5924,KIRIKKALE,KESKİN,Oat,0.0,9.6
71,622,5924,KIRIKKALE,KESKİN,Potato,2.75,9.6
71,622,5924,KIRIKKALE,KESKİN,Corn,0.02,9.6
71,622,5924,KIRIKKALE,KESKİN,Canola,0.0,9.6
71,622,5924,KIRIKKALE,KESKİN,Onion,0.0,9.6
71,622,5924,KIRIKKALE,KESKİN,Bean,2.06,9.6
71,622,5924,KIRIKKALE,KESKİN,Tomato,1.06,9.6
71,622,5925,KIRIKKALE,KESKİN,Wheat,4.85,25.69
71,622,5925,KIRIKKALE,KESKİN,Barley,0.94,25.69
71,622,5925,KIRIKKALE,KESKİN,Sunflower,0.0,25.69
71,622,5925,KIRIKKALE,KESKİN,Rice,0.0,25.69
71,622,5925,KIRIKKALE,KESKİN,Lentil,1.51,25.69
71,622,5925,KIRIKKALE,KESKİN,Chickpea,1.93,25.69
71,622,5925,KIRIKKALE,KESKİN,Cotton,0.75,25.69
71,622,5925,KIRIKKALE,KESKİN,Sugarbeet,3.63,25.69
71,622,5925,KIRIKKALE,KESKİN,Soybean,1.43,25.69
71,622,5925,KIRIKKALE,KESKİN,Peanut,0.0,25.69
71,622,5925,KIRIKKALE,KESKİN,Oat,1.53,25.69
71,622,5925,KIRIKKALE,KESKİN,Potato,1.76,25.69
71,622,5925,KIRIKKALE,KESKİN,Corn,0.0,25.69
71,622,5925,KIRIKKALE,KESKİN,Canola,0.0,25.69
71,622,5925,KIRIKKALE,KESKİN,Onion,2.21,25.69
71,622,5925,KIRIKKALE,KESKİN,Bean,0.0,25.69
71,622,5925,KIRIKKALE,KESKİN,Tomato,3.37,25.69
71,622,5926,KIRIKKALE,KESKİN,Wheat,1.52,6.1
71,622,5926,KIRIKKALE,KESKİN,Barley,4.22,6.1
71,622,5926,KIRIKKALE,KESKİN,Sunflower,1.53,6.1
71,622,5926,KIRIKKALE,KESKİN,Rice,0.0,6.1
71,622,5926,KIRIKKALE,KESKİN,Lentil,3.98,6.1
71,622,5926,KIRIKKALE,KESKİN,Chickpea,3.51,6.1
71,622,5926,KIRIKKALE,KESKİN,Cotton,7.76,6.1
71,622,5926,KIRIKKALE,KESKİN,Sugarbeet,3.15,6.1
71,622,5926,KIRIKKALE,KESKİN,Soybean,0.0,6.1
71,622,5926,KIRIKKALE,KESKİN,Peanut,6.37,6.1
71,622,5926,KIRIKKALE,KESKİN,Oat,3.47,6.1
71,622,5926,KIRIKKALE,KESKİN,Potato,0.0,6.1
71,622,5926,KIRIKKALE,KESKİN,Corn,0.76,6.1
71,622,5926,KIRIKKALE,KESKİN,Canola,0.61,6.1
71,622,5926,KIRIKKALE,KESKİN,Onion,0.0,6.1
71,622,5926,KIRIKKALE,KESKİN,Bean,2.07,6.1
71,622,5926,KIRIKKALE,KESKİN,Tomato,4.41,6.1
71,622,5927,KIRIKKALE,KESKİN,Wheat,0.0,21.31
71,622,5927,KIRIKKALE,KESKİN,Barley,0.0,21.31
71,622,5927,KIRIKKALE,KESKİN,Sunflower,2.32,21.31
71,622,5927,KIRIKKALE,KESKİN,Rice,0.98,21.31
71,622,5927,KIRIKKALE,KESKİN,Lentil,0.84,21.31
71,622,5927,KIRIKKALE,KESKİN,Chickpea,6.39,21.31
71,622,5927,KIRIKKALE,KESKİN,Cotton,3.63,21.31
71,622,5927,KIRIKKALE,KESKİN,Sugarbeet,0.0,21.31
71,622,5927,KIRIKKALE,KESKİN,Soybean,3.19,21.31
71,622,5927,KIRIKKALE,KESKİN,Peanut,0.0,21.31
71,622,5927,KIRIKKALE,KESKİN,Oat,0.0,21.31
71,622,5927,KIRIKKALE,KESKİN,Potato,0.39,21.31
71,622,5927,KIRIKKALE,KESKİN,Corn,3.81,21.31
71,622,5927,KIRIKKALE,KESKİN,Canola,0.0,21.31
71,622,5927,KIRIKKALE,KESKİN,Onion,0.0,21.31
71,622,5927,KIRIKKALE,KESKİN,Bean,3.91,21.31
71,622,5927,KIRIKKALE,KESKİN,Tomato,2.15,21.31
71,622,5928,KIRIKKALE,KESKİN,Wheat,1.81,18.88
71,622,5928,KIRIKKALE,KESKİN,Barley,1.63,18.88
71,622,5928,KIRIKKALE,KESKİN,Sunflower,2.68,18.88
71,622,5928,KIRIKKALE,KESKİN,Rice,1.62,18.88
71,622,5928,KIRIKKALE,KESKİN,Lentil,4.36,18.88
71,622,5928,KIRIKKALE,KESKİN,Chickpea,4.05,18.88
71,622,5928,KIRIKKALE,KESKİN,Cotton,3.69,18.88
71,622,5928,KIRIKKALE,KESKİN,Sugarbeet,3.86,18.88
71,622,5928,KIRIKKALE,KESKİN,Soybean,4.44,18.88
71,622,5928,KIRIKKALE,KESKİN,Peanut,3.27,18.88
71,622,5928,KIRIKKALE,KESKİN,Oat,2.26,18.88
71,622,5928,KIRIKKALE,KESKİN,Potato,0.0,18.88
71,622,5928,KIRIKKALE,KESKİN,Corn,0.53,18.88
71,622,5928,KIRIKKALE,KESKİN,Canola,0.0,18.88
71,622,5928,KIRIKKALE,KESKİN,Onion,2.94,18.88
71,622,5928,KIRIKKALE,KESKİN,Bean,0.0,18.88
71,622,5928,KIRIKKALE,KESKİN,Tomato,2.04,18.88
71,622,5929,KIRIKKALE,KESKİN,Wheat,8.74,37.86
71,622,5929,KIRIKKALE,KESKİN,Barley,0.0,37.86
71,622,5929,KIRIKKALE,KESKİN,Sunflower,6.05,37.86
71,622,5929,KIRIKKALE,KESKİN,Rice,2.32,37.86
71,622,5929,KIRIKKALE,KESKİN,Lentil,5.68,37.86
71,622,5929,KIRIKKALE,KESKİN,Chickpea,1.13,37.86
71,622,5929,KIRIKKALE,KESKİN,Cotton,9.08,37.86
71,622,5929,KIRIKKALE,KESKİN,Sugarbeet,0.0,37.86
71,622,5929,KIRIKKALE,KESKİN,Soybean,4.02,37.86
71,622,5929,KIRIKKALE,KESKİN,Peanut,0.73,37.86
71,622,5929,KIRIKKALE,KESKİN,Oat,0.0,37.86
71,622,5929,KIRIKKALE,KESKİN,Potato,0.0,37.86
71,622,5929,KIRIKKALE,KESKİN,Corn,6.3,37.86
71,622,5929,KIRIKKALE,KESKİN,Canola,4.05,37.86
71,622,5929,KIRIKKALE,KESKİN,Onion,2.93,37.86
71,622,5929,KIRIKKALE,KESKİN,Bean,3.13,37.86
71,622,5929,KIRIKKALE,KESKİN,Tomato,0.0,37.86
71,622,5930,KIRIKKALE,KESKİN,Wheat,0.73,12.3
71,622,5930,KIRIKKALE,KESKİN,Barley,0.0,12.3
71,622,5930,KIRIKKALE,KESKİN,Sunflower,6.77,12.3
71,622,5930,KIRIKKALE,KESKİN,Rice,5.17,12.3
71,622,5930,KIRIKKALE,KESKİN,Lentil,2.29,12.3
71,622,5930,KIRIKKALE,KESKİN,Chickpea,7.14,12.3
71,622,5930,KIRIKKALE,KESKİN,Cotton,1.63,12.3
71,622,5930,KIRIKKALE,KESKİN,Sugarbeet,8.99,12.3
71,622,5930,KIRIKKALE,KESKİN,Soybean,2.43,12.3
71,622,5930,KIRIKKALE,KESKİN,Peanut,0.0,12.3
71,622,5930,KIRIKKALE,KESKİN,Oat,0.0,12.3
71,622,5930,KIRIKKALE,KESKİN,Potato,0.32,12.3
71,622,5930,KIRIKKALE,KESKİN,Corn,4.47,12.3
71,622,5930,KIRIKKALE,KESKİN,Canola,0.89,12.3
71,622,5930,KIRIKKALE,KESKİN,Onion,3.6,12.3
71,622,5930,KIRIKKALE,KESKİN,Bean,3.55,12.3
71,622,5930,KIRIKKALE,KESKİN,Tomato,6.71,12.3
71,662,5931,KIRIKKALE,MERKEZ,Wheat,0.0,8.47
71,662,5931,KIRIKKALE,MERKEZ,Barley,0.0,8.47
71,662,5931,KIRIKKALE,MERKEZ,Sunflower,0.3,8.47
71,662,5931,KIRIKKALE,MERKEZ,Rice,4.99,8.47
71,662,5931,KIRIKKALE,MERKEZ,Lentil,0.38,8.47
71,662,5931,KIRIKKALE,MERKEZ,Chickpea,3.87,8.47
71,662,5931,KIRIKKALE,MERKEZ,Cotton,3.56,8.47
71,662,5931,KIRIKKALE,MERKEZ,Sugarbeet,4.64,8.47
71,662,5931,KIRIKKALE,MERKEZ,Soybean,1.88,8.47
71,662,5931,KIRIKKALE,MERKEZ,Peanut,0.48,8.47
71,662,5931,KIRIKKALE,MERKEZ,Oat,5.4,8.47
71,662,5931,KIRIKKALE,MERKEZ,Potato,2.48,8.47
71,662,5931,KIRIKKALE,MERKEZ,Corn,3.28,8.47
71,662,5931,KIRIKKALE,MERKEZ,Canola,0.0,8.47
71,662,5931,KIRIKKALE,MERKEZ,Onion,2.25,8.47
71,662,5931,KIRIKKALE,MERKEZ,Bean,0.7,8.47
71,662,5931,KIRIKKALE,MERKEZ,Tomato,1.58,8.47
71,662,5932,KIRIKKALE,MERKEZ,Wheat,3.05,11.25
71,662,5932,KIRIKKALE,MERKEZ,Barley,4.6,11.25
71,662,5932,KIRIKKALE,MERKEZ,Sunflower,0.0,11.25
71,662,5932,KIRIKKALE,MERKEZ,Rice,5.93,11.25
71,662,5932,KIRIKKALE,MERKEZ,Lentil,0.0,11.25
71,662,5932,KIRIKKALE,MERKEZ,Chickpea,0.0,11.25
71,662,5932,KIRIKKALE,MERKEZ,Cotton,3.3,11.25
71,662,5932,KIRIKKALE,MERKEZ,Sugarbeet,0.87,11.25
71,662,5932,KIRIKKALE,MERKEZ,Soybean,3.98,11.25
71,662,5932,KIRIKKALE,MERKEZ,Peanut,0.0,11.25
71,662,5932,KIRIKKALE,MERKEZ,Oat,0.0,11.25
71,662,5932,KIRIKKALE,MERKEZ,Potato,0.35,11.25
71,662,5932,KIRIKKALE,MERKEZ,Corn,4.23,11.25
71,662,5932,KIRIKKALE,MERKEZ,Canola,6.12,11.25
71,662,5932,KIRIKKALE,MERKEZ,Onion,5.56,11.25
71,662,5932,KIRIKKALE,MERKEZ,Bean,0.0,11.25
71,662,5932,KIRIKKALE,MERKEZ,Tomato,2.62,11.25
71,662,5933,KIRIKKALE,MERKEZ,Wheat,2.57,4.0
71,662,5933,KIRIKKALE,MERKEZ,Barley,0.0,4.0
71,662,5933,KIRIKKALE,MERKEZ,Sunflower,2.85,4.0
71,662,5933,KIRIKKALE,MERKEZ,Rice,3.55,4.0
71,662,5933,KIRIKKALE,MERKEZ,Lentil,5.22,4.0
71,662,5933,KIRIKKALE,MERKEZ,Chickpea,3.27,4.0
71,662,5933,KIRIKKALE,MERKEZ,Cotton,2.49,4.0
71,662,5933,KIRIKKALE,MERKEZ,Sugarbeet,3.3,4.0
71,662,5933,KIRIKKALE,MERKEZ,Soybean,0.0,4.0
71,662,5933,KIRIKKALE,MERKEZ,Peanut,4.41,4.0
71,662,5933,KIRIKKALE,MERKEZ,Oat,1.66,4.0
71,662,5933,KIRIKKALE,MERKEZ,Potato,0.55,4.0
71,662,5933,KIRIKKALE,MERKEZ,Corn,0.51,4.0
71,662,5933,KIRIKKALE,MERKEZ,Canola,1.7,4.0
71,662,5933,KIRIKKALE,MERKEZ,Onion,0.0,4.0
71,662,5933,KIRIKKALE,MERKEZ,Bean,3.12,4.0
71,662,5933,KIRIKKALE,MERKEZ,Tomato,2.86,4.0
71,662,5934,KIRIKKALE,MERKEZ,Wheat,5.23,9.44
71,662,5934,KIRIKKALE,MERKEZ,Barley,1.55,9.44
71,662,5934,KIRIKKALE,MERKEZ,Sunflower,1.49,9.44
71,662,5934,KIRIKKALE,MERKEZ,Rice,6.41,9.44
71,662,5934,KIRIKKALE,MERKEZ,Lentil,4.09,9.44
71,662,5934,KIRIKKALE,MERKEZ,Chickpea,0.0,9.44
71,662,5934,KIRIKKALE,MERKEZ,Cotton,0.88,9.44
71,662,5934,KIRIKKALE,MERKEZ,Sugarbeet,3.08,9.44
71,662,5934,KIRIKKALE,MERKEZ,Soybean,1.45,9.44
71,662,5934,KIRIKKALE,MERKEZ,Peanut,9.49,9.44
71,662,5934,KIRIKKALE,MERKEZ,Oat,3.6,9.44
71,662,5934,KIRIKKALE,MERKEZ,Potato,6.08,9.44
71,662,5934,KIRIKKALE,MERKEZ,Corn,0.0,9.44
71,662,5934,KIRIKKALE,MERKEZ,Canola,1.44,9.44
71,662,5934,KIRIKKALE,MERKEZ,Onion,0.0,9.44
71,662,5934,KIRIKKALE,MERKEZ,Bean,1.34,9.44
71,662,5934,KIRIKKALE,MERKEZ,Tomato,0.0,9.44
71,662,5935,KIRIKKALE,MERKEZ,Wheat,2.66,16.8
71,662,5935,KIRIKKALE,MERKEZ,Barley,2.86,16.8
71,662,5935,KIRIKKALE,MERKEZ,Sunflower,0.0,16.8
71,662,5935,KIRIKKALE,MERKEZ,Rice,1.41,16.8
71,662,5935,KIRIKKALE,MERKEZ,Lentil,7.86,16.8
71,662,5935,KIRIKKALE,MERKEZ,Chickpea,10.98,16.8
71,662,5935,KIRIKKALE,MERKEZ,Cotton,0.08,16.8
71,662,5935,KIRIKKALE,MERKEZ,Sugarbeet,6.55,16.8
71,662,5935,KIRIKKALE,MERKEZ,Soybean,3.29,16.8
71,662,5935,KIRIKKALE,MERKEZ,Peanut,1.83,16.8
71,662,5935,KIRIKKALE,MERKEZ,Oat,0.0,16.8
71,662,5935,KIRIKKALE,MERKEZ,Potato,2.02,16.8
71,662,5935,KIRIKKALE,MERKEZ,Corn,5.55,16.8
71,662,5935,KIRIKKALE,MERKEZ,Canola,0.0,16.8
71,662,5935,KIRIKKALE,MERKEZ,Onion,0.56,16.8
71,662,5935,KIRIKKALE,MERKEZ,Bean,4.67,16.8
71,662,5935,KIRIKKALE,MERKEZ,Tomato,3.69,16.8
71,662,5936,KIRIKKALE,MERKEZ,Wheat,5.69,1.0
71,662,5936,KIRIKKALE,MERKEZ,Barley,0.0,1.0
71,662,5936,KIRIKKALE,MERKEZ,Sunflower,2.05,1.0
71,662,5936,KIRIKKALE,MERKEZ,Rice,2.72,1.0
71,662,5936,KIRIKKALE,MERKEZ,Lentil,2.88,1.0
71,662,5936,KIRIKKALE,MERKEZ,Chickpea,0.58,1.0
71,662,5936,KIRIKKALE,MERKEZ,Cotton,2.89,1.0
71,662,5936,KIRIKKALE,MERKEZ,Sugarbeet,3.5,1.0
71,662,5936,KIRIKKALE,MERKEZ,Soybean,3.14,1.0
71,662,5936,KIRIKKALE,MERKEZ,Peanut,0.4,1.0
71,662,5936,KIRIKKALE,MERKEZ,Oat,2.28,1.0
71,662,5936,KIRIKKALE,MERKEZ,Potato,3.19,1.0
71,662,5936,KIRIKKALE,MERKEZ,Corn,0.0,1.0
71,662,5936,KIRIKKALE,MERKEZ,Canola,3.05,1.0
71,662,5936,KIRIKKALE,MERKEZ,Onion,0.0,1.0
71,662,5936,KIRIKKALE,MERKEZ,Bean,5.9,1.0
71,662,5936,KIRIKKALE,MERKEZ,Tomato,0.0,1.0
71,662,5937,KIRIKKALE,MERKEZ,Wheat,0.02,22.15
71,662,5937,KIRIKKALE,MERKEZ,Barley,3.66,22.15
71,662,5937,KIRIKKALE,MERKEZ,Sunflower,7.94,22.15
71,662,5937,KIRIKKALE,MERKEZ,Rice,2.52,22.15
71,662,5937,KIRIKKALE,MERKEZ,Lentil,2.43,22.15
71,662,5937,KIRIKKALE,MERKEZ,Chickpea,0.0,22.15
71,662,5937,KIRIKKALE,MERKEZ,Cotton,0.05,22.15
71,662,5937,KIRIKKALE,MERKEZ,Sugarbeet,1.25,22.15
71,662,5937,KIRIKKALE,MERKEZ,Soybean,5.57,22.15
71,662,5937,KIRIKKALE,MERKEZ,Peanut,4.1,22.15
71,662,5937,KIRIKKALE,MERKEZ,Oat,3.89,22.15
71,662,5937,KIRIKKALE,MERKEZ,Potato,4.64,22.15
71,662,5937,KIRIKKALE,MERKEZ,Corn,5.51,22.15
71,662,5937,KIRIKKALE,MERKEZ,Canola,4.79,22.15
71,662,5937,KIRIKKALE,MERKEZ,Onion,4.07,22.15
71,662,5937,KIRIKKALE,MERKEZ,Bean,0.07,22.15
71,662,5937,KIRIKKALE,MERKEZ,Tomato,3.16,22.15
71,662,5938,KIRIKKALE,MERKEZ,Wheat,0.14,32.51
71,662,5938,KIRIKKALE,MERKEZ,Barley,5.79,32.51
71,662,5938,KIRIKKALE,MERKEZ,Sunflower,1.27,32.51
71,662,5938,KIRIKKALE,MERKEZ,Rice,4.11,32.51
71,662,5938,KIRIKKALE,MERKEZ,Lentil,0.0,32.51
71,662,5938,KIRIKKALE,MERKEZ,Chickpea,1.22,32.51
71,662,5938,KIRIKKALE,MERKEZ,Cotton,2.4,32.51
71,662,5938,KIRIKKALE,MERKEZ,Sugarbeet,0.15,32.51
71,662,5938,KIRIKKALE,MERKEZ,Soybean,0.0,32.51
71,662,5938,KIRIKKALE,MERKEZ,Peanut,0.0,32.51
71,662,5938,KIRIKKALE,MERKEZ,Oat,6.17,32.51
71,662,5938,KIRIKKALE,MERKEZ,Potato,0.0,32.51
71,662,5938,KIRIKKALE,MERKEZ,Corn,2.52,32.51
71,662,5938,KIRIKKALE,MERKEZ,Canola,0.0,32.51
71,662,5938,KIRIKKALE,MERKEZ,Onion,2.09,32.51
71,662,5938,KIRIKKALE,MERKEZ,Bean,3.01,32.51
71,662,5938,KIRIKKALE,MERKEZ,Tomato,0.0,32.51
71,662,5939,KIRIKKALE,MERKEZ,Wheat,6.78,14.38
71,662,5939,KIRIKKALE,MERKEZ,Barley,1.82,14.38
71,662,5939,KIRIKKALE,MERKEZ,Sunflower,0.0,14.38
71,662,5939,KIRIKKALE,MERKEZ,Rice,3.63,14.38
71,662,5939,KIRIKKALE,MERKEZ,Lentil,0.89,14.38
71,662,5939,KIRIKKALE,MERKEZ,Chickpea,1.55,14.38
71,662,5939,KIRIKKALE,MERKEZ,Cotton,6.23,14.38
71,662,5939,KIRIKKALE,MERKEZ,Sugarbeet,1.06,14.38
71,662,5939,KIRIKKALE,MERKEZ,Soybean,2.53,14.38
71,662,5939,KIRIKKALE,MERKEZ,Peanut,0.23,14.38
71,662,5939,KIRIKKALE,MERKEZ,Oat,0.97,14.38
71,662,5939,KIRIKKALE,MERKEZ,Potato,2.47,14.38
71,662,5939,KIRIKKALE,MERKEZ,Corn,3.84,14.38
71,662,5939,KIRIKKALE,MERKEZ,Canola,3.35,14.38
71,662,5939,KIRIKKALE,MERKEZ,Onion,3.35,14.38
71,662,5939,KIRIKKALE,MERKEZ,Bean,2.47,14.38
71,662,5939,KIRIKKALE,MERKEZ,Tomato,2.0,14.38
71,662,5940,KIRIKKALE,MERKEZ,Wheat,0.0,18.54
71,662,5940,KIRIKKALE,MERKEZ,Barley,3.72,18.54
71,662,5940,KIRIKKALE,MERKEZ,Sunflower,3.86,18.54
71,662,5940,KIRIKKALE,MERKEZ,Rice,3.08,18.54
71,662,5940,KIRIKKALE,MERKEZ,Lentil,1.85,18.54
71,662,5940,KIRIKKALE,MERKEZ,Chickpea,3.62,18.54
71,662,5940,KIRIKKALE,MERKEZ,Cotton,3.27,18.54
71,662,5940,KIRIKKALE,MERKEZ,Sugarbeet,8.78,18.54
71,662,5940,KIRIKKALE,MERKEZ,Soybean,0.0,18.54
71,662,5940,KIRIKKALE,MERKEZ,Peanut,2.51,18.54
71,662,5940,KIRIKKALE,MERKEZ,Oat,0.0,18.54
71,662,5940,KIRIKKALE,MERKEZ,Potato,5.6,18.54
71,662,5940,KIRIKKALE,MERKEZ,Corn,0.0,18.54
71,662,5940,KIRIKKALE,MERKEZ,Canola,0.0,18.54
71,662,5940,KIRIKKALE,MERKEZ,Onion,5.16,18.54
71,662,5940,KIRIKKALE,MERKEZ,Bean,2.12,18.54
71,662,5940,KIRIKKALE,MERKEZ,Tomato,2.74,18.54
71,718,5941,KIRIKKALE,SULAKYURT,Wheat,3.28,21.66
71,718,5941,KIRIKKALE,SULAKYURT,Barley,4.02,21.66
71,718,5941,KIRIKKALE,SULAKYURT,Sunflower,7.85,21.66
71,718,5941,KIRIKKALE,SULAKYURT,Rice,0.0,21.66
71,718,5941,KIRIKKALE,SULAKYURT,Lentil,5.2,21.66
71,718,5941,KIRIKKALE,SULAKYURT,Chickpea,5.39,21.66
71,718,5941,KIRIKKALE,SULAKYURT,Cotton,5.09,21.66
71,718,5941,KIRIKKALE,SULAKYURT,Sugarbeet,4.86,21.66
71,718,5941,KIRIKKALE,SULAKYURT,Soybean,0.0,21.66
71,718,5941,KIRIKKALE,SULAKYURT,Peanut,10.76,21.66
71,718,5941,KIRIKKALE,SULAKYURT,Oat,2.59,21.66
71,718,5941,KIRIKKALE,SULAKYURT,Potato,0.0,21.66
71,718,5941,KIRIKKALE,SULAKYURT,Corn,5.63,21.66
71,718,5941,KIRIKKALE,SULAKYURT,Canola,0.0,21.66
71,718,5941,KIRIKKALE,SULAKYURT,Onion,2.59,21.66
71,718,5941,KIRIKKALE,SULAKYURT,Bean,0.0,21.66
71,718,5941,KIRIKKALE,SULAKYURT,Tomato,4.39,21.66
71,718,5942,KIRIKKALE,SULAKYURT,Wheat,5.01,22.96
71,718,5942,KIRIKKALE,SULAKYURT,Barley,6.13,22.96
71,718,5942,KIRIKKALE,SULAKYURT,Sunflower,1.85,22.96
71,718,5942,KIRIKKALE,SULAKYURT,Rice,0.0,22.96
71,718,5942,KIRIKKALE,SULAKYURT,Lentil,0.77,22.96
71,718,5942,KIRIKKALE,SULAKYURT,Chickpea,2.17,22.96
71,718,5942,KIRIKKALE,SULAKYURT,Cotton,8.21,22.96
71,718,5942,KIRIKKALE,SULAKYURT,Sugarbeet,4.91,22.96
71,718,5942,KIRIKKALE,SULAKYURT,Soybean,4.81,22.96
71,718,5942,KIRIKKALE,SULAKYURT,Peanut,2.38,22.96
71,718,5942,KIRIKKALE,SULAKYURT,Oat,1.19,22.96
71,718,5942,KIRIKKALE,SULAKYURT,Potato,0.23,22.96
71,718,5942,KIRIKKALE,SULAKYURT,Corn,6.13,22.96
71,718,5942,KIRIKKALE,SULAKYURT,Canola,0.0,22.96
71,718,5942,KIRIKKALE,SULAKYURT,Onion,4.45,22.96
71,718,5942,KIRIKKALE,SULAKYURT,Bean,1.94,22.96
71,718,5942,KIRIKKALE,SULAKYURT,Tomato,0.0,22.96
71,718,5943,KIRIKKALE,SULAKYURT,Wheat,0.19,24.51
71,718,5943,KIRIKKALE,SULAKYURT,Barley,0.0,24.51
71,718,5943,KIRIKKALE,SULAKYURT,Sunflower,4.61,24.51
71,718,5943,KIRIKKALE,SULAKYURT,Rice,0.0,24.51
71,718,5943,KIRIKKALE,SULAKYURT,Lentil,5.15,24.51
71,718,5943,KIRIKKALE,SULAKYURT,Chickpea,2.69,24.51
71,718,5943,KIRIKKALE,SULAKYURT,Cotton,0.0,24.51
71,718,5943,KIRIKKALE,SULAKYURT,Sugarbeet,1.37,24.51
71,718,5943,KIRIKKALE,SULAKYURT,Soybean,1.41,24.51
71,718,5943,KIRIKKALE,SULAKYURT,Peanut,0.04,24.51
71,718,5943,KIRIKKALE,SULAKYURT,Oat,2.25,24.51
71,718,5943,KIRIKKALE,SULAKYURT,Potato,2.43,24.51
71,718,5943,KIRIKKALE,SULAKYURT,Corn,4.34,24.51
71,718,5943,KIRIKKALE,SULAKYURT,Canola,1.99,24.51
71,718,5943,KIRIKKALE,SULAKYURT,Onion,0.41,24.51
71,718,5943,KIRIKKALE,SULAKYURT,Bean,4.62,24.51
71,718,5943,KIRIKKALE,SULAKYURT,Tomato,0.0,24.51
71,718,5944,KIRIKKALE,SULAKYURT,Wheat,1.36,13.5
71,718,5944,KIRIKKALE,SULAKYURT,Barley,0.0,13.5
71,718,5944,KIRIKKALE,SULAKYURT,Sunflower,3.67,13.5
71,718,5944,KIRIKKALE,SULAKYURT,Rice,1.32,13.5
71,718,5944,KIRIKKALE,SULAKYURT,Lentil,0.0,13.5
71,718,5944,KIRIKKALE,SULAKYURT,Chickpea,1.19,13.5
71,718,5944,KIRIKKALE,SULAKYURT,Cotton,1.1,13.5
71,718,5944,KIRIKKALE,SULAKYURT,Sugarbeet,0.04,13.5
71,718,5944,KIRIKKALE,SULAKYURT,Soybean,0.0,13.5
71,718,5944,KIRIKKALE,SULAKYURT,Peanut,7.25,13.5
71,718,5944,KIRIKKALE,SULAKYURT,Oat,0.0,13.5
71,718,5944,KIRIKKALE,SULAKYURT,Potato,0.54,13.5
71,718,5944,KIRIKKALE,SULAKYURT,Corn,6.19,13.5
71,718,5944,KIRIKKALE,SULAKYURT,Canola,0.0,13.5
71,718,5944,KIRIKKALE,SULAKYURT,Onion,3.89,13.5
71,718,5944,KIRIKKALE,SULAKYURT,Bean,0.0,13.5
71,718,5944,KIRIKKALE,SULAKYURT,Tomato,2.12,13.5
71,718,5945,KIRIKKALE,SULAKYURT,Wheat,1.3,23.61
71,718,5945,KIRIKKALE,SULAKYURT,Barley,3.01,23.61
71,718,5945,KIRIKKALE,SULAKYURT,Sunflower,3.1,23.61
71,718,5945,KIRIKKALE,SULAKYURT,Rice,0.0,23.61
71,718,5945,KIRIKKALE,SULAKYURT,Lentil,0.91,23.61
71,718,5945,KIRIKKALE,SULAKYURT,Chickpea,6.62,23.61
71,718,5945,KIRIKKALE,SULAKYURT,Cotton,4.37,23.61
71,718,5945,KIRIKKALE,SULAKYURT,Sugarbeet,4.7,23.61
71,718,5945,KIRIKKALE,SULAKYURT,Soybean,3.1,23.61
71,718,5945,KIRIKKALE,SULAKYURT,Peanut,2.34,23.61
71,718,5945,KIRIKKALE,SULAKYURT,Oat,0.0,23.61
71,718,5945,KIRIKKALE,SULAKYURT,Potato,4.48,23.61
71,718,5945,KIRIKKALE,SULAKYURT,Corn,0.0,23.61
71,718,5945,KIRIKKALE,SULAKYURT,Canola,1.0,23.61
71,718,5945,KIRIKKALE,SULAKYURT,Onion,0.0,23.61
71,718,5945,KIRIKKALE,SULAKYURT,Bean,2.16,23.61
71,718,5945,KIRIKKALE,SULAKYURT,Tomato,5.96,23.61
71,718,5946,KIRIKKALE,SULAKYURT,Wheat,0.0,4.0
71,718,5946,KIRIKKALE,SULAKYURT,Barley,0.36,4.0
71,718,5946,KIRIKKALE,SULAKYURT,Sunflower,3.18,4.0
71,718,5946,KIRIKKALE,SULAKYURT,Rice,2.86,4.0
71,718,5946,KIRIKKALE,SULAKYURT,Lentil,5.14,4.0
71,718,5946,KIRIKKALE,SULAKYURT,Chickpea,9.45,4.0
71,718,5946,KIRIKKALE,SULAKYURT,Cotton,0.0,4.0
71,718,5946,KIRIKKALE,SULAKYURT,Sugarbeet,1.31,4.0
71,718,5946,KIRIKKALE,SULAKYURT,Soybean,0.0,4.0
71,718,5946,KIRIKKALE,SULAKYURT,Peanut,2.29,4.0
71,718,5946,KIRIKKALE,SULAKYURT,Oat,1.31,4.0
71,718,5946,KIRIKKALE,SULAKYURT,Potato,1.36,4.0
71,718,5946,KIRIKKALE,SULAKYURT,Corn,10.03,4.0
71,718,5946,KIRIKKALE,SULAKYURT,Canola,0.98,4.0
71,718,5946,KIRIKKALE,SULAKYURT,Onion,5.93,4.0
71,718,5946,KIRIKKALE,SULAKYURT,Bean,2.98,4.0
71,718,5946,KIRIKKALE,SULAKYURT,Tomato,0.46,4.0
71,718,5947,KIRIKKALE,SULAKYURT,Wheat,0.96,26.35
71,718,5947,KIRIKKALE,SULAKYURT,Barley,3.84,26.35
71,718,5947,KIRIKKALE,SULAKYURT,Sunflower,0.0,26.35
71,718,5947,KIRIKKALE,SULAKYURT,Rice,0.0,26.35
71,718,5947,KIRIKKALE,SULAKYURT,Lentil,0.0,26.35
71,718,5947,KIRIKKALE,SULAKYURT,Chickpea,0.0,26.35
71,718,5947,KIRIKKALE,SULAKYURT,Cotton,4.23,26.35
71,718,5947,KIRIKKALE,SULAKYURT,Sugarbeet,1.33,26.35
71,718,5947,KIRIKKALE,SULAKYURT,Soybean,3.87,26.35
71,718,5947,KIRIKKALE,SULAKYURT,Peanut,3.81,26.35
71,718,5947,KIRIKKALE,SULAKYURT,Oat,0.0,26.35
71,718,5947,KIRIKKALE,SULAKYURT,Potato,0.0,26.35
71,718,5947,KIRIKKALE,SULAKYURT,Corn,1.91,26.35
71,718,5947,KIRIKKALE,SULAKYURT,Canola,2.27,26.35
71,718,5947,KIRIKKALE,SULAKYURT,Onion,0.0,26.35
71,718,5947,KIRIKKALE,SULAKYURT,Bean,0.0,26.35
71,718,5947,KIRIKKALE,SULAKYURT,Tomato,0.52,26.35
71,718,5948,KIRIKKALE,SULAKYURT,Wheat,0.2,27.22
71,718,5948,KIRIKKALE,SULAKYURT,Barley,5.08,27.22
71,718,5948,KIRIKKALE,SULAKYURT,Sunflower,2.34,27.22
71,718,5948,KIRIKKALE,SULAKYURT,Rice,3.43,27.22
71,718,5948,KIRIKKALE,SULAKYURT,Lentil,0.0,27.22
71,718,5948,KIRIKKALE,SULAKYURT,Chickpea,0.0,27.22
71,718,5948,KIRIKKALE,SULAKYURT,Cotton,4.27,27.22
71,718,5948,KIRIKKALE,SULAKYURT,Sugarbeet,5.45,27.22
71,718,5948,KIRIKKALE,SULAKYURT,Soybean,3.92,27.22
71,718,5948,KIRIKKALE,SULAKYURT,Peanut,2.57,27.22
71,718,5948,KIRIKKALE,SULAKYURT,Oat,3.11,27.22
71,718,5948,KIRIKKALE,SULAKYURT,Potato,0.0,27.22
71,718,5948,KIRIKKALE,SULAKYURT,Corn,2.71,27.22
71,718,5948,KIRIKKALE,SULAKYURT,Canola,0.0,27.22
71,718,5948,KIRIKKALE,SULAKYURT,Onion,0.16,27.22
71,718,5948,KIRIKKALE,SULAKYURT,Bean,0.0,27.22
71,718,5948,KIRIKKALE,SULAKYURT,Tomato,0.0,27.22
71,718,5949,KIRIKKALE,SULAKYURT,Wheat,4.55,10.58
71,718,5949,KIRIKKALE,SULAKYURT,Barley,2.33,10.58
71,718,5949,KIRIKKALE,SULAKYURT,Sunflower,4.78,10.58
71,718,5949,KIRIKKALE,SULAKYURT,Rice,0.0,10.58
71,718,5949,KIRIKKALE,SULAKYURT,Lentil,1.04,10.58
71,718,5949,KIRIKKALE,SULAKYURT,Chickpea,0.0,10.58
71,718,5949,KIRIKKALE,SULAKYURT,Cotton,0.0,10.58
71,718,5949,KIRIKKALE,SULAKYURT,Sugarbeet,0.0,10.58
71,718,5949,KIRIKKALE,SULAKYURT,Soybean,0.48,10.58
71,718,5949,KIRIKKALE,SULAKYURT,Peanut,0.0,10.58
71,718,5949,KIRIKKALE,SULAKYURT,Oat,5.96,10.58
71,718,5949,KIRIKKALE,SULAKYURT,Potato,2.57,10.58
71,718,5949,KIRIKKALE,SULAKYURT,Corn,2.28,10.58
71,718,5949,KIRIKKALE,SULAKYURT,Canola,0.01,10.58
71,718,5949,KIRIKKALE,SULAKYURT,Onion,2.27,10.58
71,718,5949,KIRIKKALE,SULAKYURT,Bean,0.58,10.58
71,718,5949,KIRIKKALE,SULAKYURT,Tomato,3.62,10.58
71,718,5950,KIRIKKALE,SULAKYURT,Wheat,0.0,13.72
71,718,5950,KIRIKKALE,SULAKYURT,Barley,0.0,13.72
71,718,5950,KIRIKKALE,SULAKYURT,Sunflower,0.0,13.72
71,718,5950,KIRIKKALE,SULAKYURT,Rice,9.44,13.72
71,718,5950,KIRIKKALE,SULAKYURT,Lentil,0.0,13.72
71,718,5950,KIRIKKALE,SULAKYURT,Chickpea,8.11,13.72
71,718,5950,KIRIKKALE,SULAKYURT,Cotton,3.1,13.72
71,718,5950,KIRIKKALE,SULAKYURT,Sugarbeet,1.59,13.72
71,718,5950,KIRIKKALE,SULAKYURT,Soybean,3.1,13.72
71,718,5950,KIRIKKALE,SULAKYURT,Peanut,4.25,13.72
71,718,5950,KIRIKKALE,SULAKYURT,Oat,0.45,13.72
71,718,5950,KIRIKKALE,SULAKYURT,Potato,5.14,13.72
71,718,5950,KIRIKKALE,SULAKYURT,Corn,7.31,13.72
71,718,5950,KIRIKKALE,SULAKYURT,Canola,0.0,13.72
71,718,5950,KIRIKKALE,SULAKYURT,Onion,0.47,13.72
71,718,5950,KIRIKKALE,SULAKYURT,Bean,2.04,13.72
71,718,5950,KIRIKKALE,SULAKYURT,Tomato,3.49,13.72
71,654,5951,KIRIKKALE,YAHŞİHAN,Wheat,0.0,18.59
71,654,5951,KIRIKKALE,YAHŞİHAN,Barley,0.0,18.59
71,654,5951,KIRIKKALE,YAHŞİHAN,Sunflower,0.0,18.59
71,654,5951,KIRIKKALE,YAHŞİHAN,Rice,8.78,18.59
71,654,5951,KIRIKKALE,YAHŞİHAN,Lentil,0.84,18.59
71,654,5951,KIRIKKALE,YAHŞİHAN,Chickpea,2.92,18.59
71,654,5951,KIRIKKALE,YAHŞİHAN,Cotton,0.46,18.59
71,654,5951,KIRIKKALE,YAHŞİHAN,Sugarbeet,1.39,18.59
71,654,5951,KIRIKKALE,YAHŞİHAN,Soybean,5.96,18.59
71,654,5951,KIRIKKALE,YAHŞİHAN,Peanut,2.72,18.59
71,654,5951,KIRIKKALE,YAHŞİHAN,Oat,0.0,18.59
71,654,5951,KIRIKKALE,YAHŞİHAN,Potato,3.93,18.59
71,654,5951,KIRIKKALE,YAHŞİHAN,Corn,0.44,18.59
71,654,5951,KIRIKKALE,YAHŞİHAN,Canola,7.35,18.59
71,654,5951,KIRIKKALE,YAHŞİHAN,Onion,0.97,18.59
71,654,5951,KIRIKKALE,YAHŞİHAN,Bean,0.0,18.59
71,654,5951,KIRIKKALE,YAHŞİHAN,Tomato,0.0,18.59
71,654,5952,KIRIKKALE,YAHŞİHAN,Wheat,0.64,33.36
71,654,5952,KIRIKKALE,YAHŞİHAN,Barley,0.0,33.36
71,654,5952,KIRIKKALE,YAHŞİHAN,Sunflower,2.99,33.36
71,654,5952,KIRIKKALE,YAHŞİHAN,Rice,0.0,33.36
71,654,5952,KIRIKKALE,YAHŞİHAN,Lentil,0.12,33.36
71,654,5952,KIRIKKALE,YAHŞİHAN,Chickpea,5.44,33.36
71,654,5952,KIRIKKALE,YAHŞİHAN,Cotton,0.0,33.36
71,654,5952,KIRIKKALE,YAHŞİHAN,Sugarbeet,0.0,33.36
71,654,5952,KIRIKKALE,YAHŞİHAN,Soybean,0.39,33.36
71,654,5952,KIRIKKALE,YAHŞİHAN,Peanut,0.0,33.36
71,654,5952,KIRIKKALE,YAHŞİHAN,Oat,0.56,33.36
71,654,5952,KIRIKKALE,YAHŞİHAN,Potato,0.0,33.36
71,654,5952,KIRIKKALE,YAHŞİHAN,Corn,9.79,33.36
71,654,5952,KIRIKKALE,YAHŞİHAN,Canola,0.57,33.36
71,654,5952,KIRIKKALE,YAHŞİHAN,Onion,1.78,33.36
71,654,5952,KIRIKKALE,YAHŞİHAN,Bean,2.85,33.36
71,654,5952,KIRIKKALE,YAHŞİHAN,Tomato,0.0,33.36
71,654,5953,KIRIKKALE,YAHŞİHAN,Wheat,1.21,20.15
71,654,5953,KIRIKKALE,YAHŞİHAN,Barley,2.2,20.15
71,654,5953,KIRIKKALE,YAHŞİHAN,Sunflower,0.0,20.15
71,654,5953,KIRIKKALE,YAHŞİHAN,Rice,0.88,20.15
71,654,5953,KIRIKKALE,YAHŞİHAN,Lentil,1.95,20.15
71,654,5953,KIRIKKALE,YAHŞİHAN,Chickpea,0.6,20.15
71,654,5953,KIRIKKALE,YAHŞİHAN,Cotton,2.86,20.15
71,654,5953,KIRIKKALE,YAHŞİHAN,Sugarbeet,0.34,20.15
71,654,5953,KIRIKKALE,YAHŞİHAN,Soybean,6.32,20.15
71,654,5953,KIRIKKALE,YAHŞİHAN,Peanut,5.16,20.15
71,654,5953,KIRIKKALE,YAHŞİHAN,Oat,2.42,20.15
71,654,5953,KIRIKKALE,YAHŞİHAN,Potato,2.61,20.15
71,654,5953,KIRIKKALE,YAHŞİHAN,Corn,1.8,20.15
71,654,5953,KIRIKKALE,YAHŞİHAN,Canola,0.0,20.15
71,654,5953,KIRIKKALE,YAHŞİHAN,Onion,0.0,20.15
71,654,5953,KIRIKKALE,YAHŞİHAN,Bean,5.65,20.15
71,654,5953,KIRIKKALE,YAHŞİHAN,Tomato,3.54,20.15
71,654,5954,KIRIKKALE,YAHŞİHAN,Wheat,8.51,4.12
71,654,5954,KIRIKKALE,YAHŞİHAN,Barley,1.02,4.12
71,654,5954,KIRIKKALE,YAHŞİHAN,Sunflower,0.0,4.12
71,654,5954,KIRIKKALE,YAHŞİHAN,Rice,9.73,4.12
71,654,5954,KIRIKKALE,YAHŞİHAN,Lentil,5.74,4.12
71,654,5954,KIRIKKALE,YAHŞİHAN,Chickpea,2.55,4.12
71,654,5954,KIRIKKALE,YAHŞİHAN,Cotton,6.09,4.12
71,654,5954,KIRIKKALE,YAHŞİHAN,Sugarbeet,0.0,4.12
71,654,5954,KIRIKKALE,YAHŞİHAN,Soybean,4.1,4.12
71,654,5954,KIRIKKALE,YAHŞİHAN,Peanut,0.0,4.12
71,654,5954,KIRIKKALE,YAHŞİHAN,Oat,0.95,4.12
71,654,5954,KIRIKKALE,YAHŞİHAN,Potato,4.85,4.12
71,654,5954,KIRIKKALE,YAHŞİHAN,Corn,4.16,4.12
71,654,5954,KIRIKKALE,YAHŞİHAN,Canola,3.65,4.12
71,654,5954,KIRIKKALE,YAHŞİHAN,Onion,6.61,4.12
71,654,5954,KIRIKKALE,YAHŞİHAN,Bean,2.94,4.12
71,654,5954,KIRIKKALE,YAHŞİHAN,Tomato,0.87,4.12
71,654,5955,KIRIKKALE,YAHŞİHAN,Wheat,1.11,14.6
71,654,5955,KIRIKKALE,YAHŞİHAN,Barley,0.0,14.6
71,654,5955,KIRIKKALE,YAHŞİHAN,Sunflower,0.89,14.6
71,654,5955,KIRIKKALE,YAHŞİHAN,Rice,0.0,14.6
71,654,5955,KIRIKKALE,YAHŞİHAN,Lentil,0.0,14.6
71,654,5955,KIRIKKALE,YAHŞİHAN,Chickpea,3.41,14.6
71,654,5955,KIRIKKALE,YAHŞİHAN,Cotton,0.0,14.6
71,654,5955,KIRIKKALE,YAHŞİHAN,Sugarbeet,0.0,14.6
71,654,5955,KIRIKKALE,YAHŞİHAN,Soybean,1.41,14.6
71,654,5955,KIRIKKALE,YAHŞİHAN,Peanut,0.46,14.6
71,654,5955,KIRIKKALE,YAHŞİHAN,Oat,0.45,14.6
71,654,5955,KIRIKKALE,YAHŞİHAN,Potato,0.0,14.6
71,654,5955,KIRIKKALE,YAHŞİHAN,Corn,1.56,14.6
71,654,5955,KIRIKKALE,YAHŞİHAN,Canola,2.63,14.6
71,654,5955,KIRIKKALE,YAHŞİHAN,Onion,4.1,14.6
71,654,5955,KIRIKKALE,YAHŞİHAN,Bean,1.83,14.6
71,654,5955,KIRIKKALE,YAHŞİHAN,Tomato,1.46,14.6
71,654,5956,KIRIKKALE,YAHŞİHAN,Wheat,4.0,7.52
71,654,5956,KIRIKKALE,YAHŞİHAN,Barley,3.33,7.52
71,654,5956,KIRIKKALE,YAHŞİHAN,Sunflower,2.77,7.52
71,654,5956,KIRIKKALE,YAHŞİHAN,Rice,0.0,7.52
71,654,5956,KIRIKKALE,YAHŞİHAN,Lentil,0.0,7.52
71,654,5956,KIRIKKALE,YAHŞİHAN,Chickpea,6.3,7.52
71,654,5956,KIRIKKALE,YAHŞİHAN,Cotton,0.0,7.52
71,654,5956,KIRIKKALE,YAHŞİHAN,Sugarbeet,0.0,7.52
71,654,5956,KIRIKKALE,YAHŞİHAN,Soybean,3.23,7.52
71,654,5956,KIRIKKALE,YAHŞİHAN,Peanut,6.94,7.52
71,654,5956,KIRIKKALE,YAHŞİHAN,Oat,0.0,7.52
71,654,5956,KIRIKKALE,YAHŞİHAN,Potato,0.25,7.52
71,654,5956,KIRIKKALE,YAHŞİHAN,Corn,4.96,7.52
71,654,5956,KIRIKKALE,YAHŞİHAN,Canola,0.0,7.52
71,654,5956,KIRIKKALE,YAHŞİHAN,Onion,0.0,7.52
71,654,5956,KIRIKKALE,YAHŞİHAN,Bean,1.24,7.52
71,654,5956,KIRIKKALE,YAHŞİHAN,Tomato,1.48,7.52
71,654,5957,KIRIKKALE,YAHŞİHAN,Wheat,4.73,13.83
71,654,5957,KIRIKKALE,YAHŞİHAN,Barley,1.3,13.83
71,654,5957,KIRIKKALE,YAHŞİHAN,Sunflower,3.12,13.83
71,654,5957,KIRIKKALE,YAHŞİHAN,Rice,1.19,13.83
71,654,5957,KIRIKKALE,YAHŞİHAN,Lentil,2.26,13.83
71,654,5957,KIRIKKALE,YAHŞİHAN,Chickpea,4.11,13.83
71,654,5957,KIRIKKALE,YAHŞİHAN,Cotton,0.0,13.83
71,654,5957,KIRIKKALE,YAHŞİHAN,Sugarbeet,3.67,13.83
71,654,5957,KIRIKKALE,YAHŞİHAN,Soybean,2.93,13.83
71,654,5957,KIRIKKALE,YAHŞİHAN,Peanut,0.51,13.83
71,654,5957,KIRIKKALE,YAHŞİHAN,Oat,2.36,13.83
71,654,5957,KIRIKKALE,YAHŞİHAN,Potato,0.9,13.83
71,654,5957,KIRIKKALE,YAHŞİHAN,Corn,2.0,13.83
71,654,5957,KIRIKKALE,YAHŞİHAN,Canola,2.85,13.83
71,654,5957,KIRIKKALE,YAHŞİHAN,Onion,6.57,13.83
71,654,5957,KIRIKKALE,YAHŞİHAN,Bean,0.55,13.83
71,654,5957,KIRIKKALE,YAHŞİHAN,Tomato,2.81,13.83
71,654,5958,KIRIKKALE,YAHŞİHAN,Wheat,3.33,35.66
71,654,5958,KIRIKKALE,YAHŞİHAN,Barley,0.0,35.66
71,654,5958,KIRIKKALE,YAHŞİHAN,Sunflower,6.5,35.66
71,654,5958,KIRIKKALE,YAHŞİHAN,Rice,5.98,35.66
71,654,5958,KIRIKKALE,YAHŞİHAN,Lentil,4.06,35.66
71,654,5958,KIRIKKALE,YAHŞİHAN,Chickpea,4.31,35.66
71,654,5958,KIRIKKALE,YAHŞİHAN,Cotton,1.46,35.66
71,654,5958,KIRIKKALE,YAHŞİHAN,Sugarbeet,3.25,35.66
71,654,5958,KIRIKKALE,YAHŞİHAN,Soybean,0.17,35.66
71,654,5958,KIRIKKALE,YAHŞİHAN,Peanut,3.29,35.66
71,654,5958,KIRIKKALE,YAHŞİHAN,Oat,0.0,35.66
71,654,5958,KIRIKKALE,YAHŞİHAN,Potato,0.0,35.66
71,654,5958,KIRIKKALE,YAHŞİHAN,Corn,0.0,35.66
71,654,5958,KIRIKKALE,YAHŞİHAN,Canola,0.0,35.66
71,654,5958,KIRIKKALE,YAHŞİHAN,Onion,0.0,35.66
71,654,5958,KIRIKKALE,YAHŞİHAN,Bean,3.93,35.66
71,654,5958,KIRIKKALE,YAHŞİHAN,Tomato,0.0,35.66
71,654,5959,KIRIKKALE,YAHŞİHAN,Wheat,5.76,40.98
71,654,5959,KIRIKKALE,YAHŞİHAN,Barley,0.0,40.98
71,654,5959,KIRIKKALE,YAHŞİHAN,Sunflower,2.08,40.98
71,654,5959,KIRIKKALE,YAHŞİHAN,Rice,0.66,40.98
71,654,5959,KIRIKKALE,YAHŞİHAN,Lentil,1.13,40.98
71,654,5959,KIRIKKALE,YAHŞİHAN,Chickpea,0.0,40.98
71,654,5959,KIRIKKALE,YAHŞİHAN,Cotton,4.17,40.98
71,654,5959,KIRIKKALE,YAHŞİHAN,Sugarbeet,2.54,40.98
71,654,5959,KIRIKKALE,YAHŞİHAN,Soybean,3.39,40.98
71,654,5959,KIRIKKALE,YAHŞİHAN,Peanut,0.86,40.98
71,654,5959,KIRIKKALE,YAHŞİHAN,Oat,8.41,40.98
71,654,5959,KIRIKKALE,YAHŞİHAN,Potato,0.0,40.98
71,654,5959,KIRIKKALE,YAHŞİHAN,Corn,7.48,40.98
71,654,5959,KIRIKKALE,YAHŞİHAN,Canola,0.0,40.98
71,654,5959,KIRIKKALE,YAHŞİHAN,Onion,0.98,40.98
71,654,5959,KIRIKKALE,YAHŞİHAN,Bean,2.15,40.98
71,654,5959,KIRIKKALE,YAHŞİHAN,Tomato,0.0,40.98
71,654,5960,KIRIKKALE,YAHŞİHAN,Wheat,3.5,14.13
71,654,5960,KIRIKKALE,YAHŞİHAN,Barley,5.75,14.13
71,654,5960,KIRIKKALE,YAHŞİHAN,Sunflower,1.01,14.13
71,654,5960,KIRIKKALE,YAHŞİHAN,Rice,4.72,14.13
71,654,5960,KIRIKKALE,YAHŞİHAN,Lentil,7.97,14.13
71,654,5960,KIRIKKALE,YAHŞİHAN,Chickpea,0.26,14.13
71,654,5960,KIRIKKALE,YAHŞİHAN,Cotton,0.0,14.13
71,654,5960,KIRIKKALE,YAHŞİHAN,Sugarbeet,0.35,14.13
71,654,5960,KIRIKKALE,YAHŞİHAN,Soybean,8.34,14.13
71,654,5960,KIRIKKALE,YAHŞİHAN,Peanut,2.7,14.13
71,654,5960,KIRIKKALE,YAHŞİHAN,Oat,0.0,14.13
71,654,5960,KIRIKKALE,YAHŞİHAN,Potato,2.24,14.13
71,654,5960,KIRIKKALE,YAHŞİHAN,Corn,0.82,14.13
71,654,5960,KIRIKKALE,YAHŞİHAN,Canola,0.0,14.13
71,654,5960,KIRIKKALE,YAHŞİHAN,Onion,3.36,14.13
71,654,5960,KIRIKKALE,YAHŞİHAN,Bean,3.23,14.13
71,654,5960,KIRIKKALE,YAHŞİHAN,Tomato,0.0,14.13
